timestamp_ns,sensor_type,x,y,z
514300000000000,1,-0.024125,6.944452,6.943523
514300005000000,4,0.000296,-0.004454,-0.003333
514300010000000,2,-20.682567,-6.111924,-35.377742
514300018939393,1,0.007476,6.917226,6.956292
514300023975332,4,0.001325,0.001678,-0.002699
514300037878787,1,-0.009060,6.937222,6.937370
514300042950664,4,0.002198,-0.000394,-0.002045
514300056818181,1,0.019115,6.935851,6.939339
514300060251256,2,-20.625759,-5.926258,-35.361006
514300061925996,4,-0.001121,-0.002445,-0.001232
514300075757575,1,-0.000926,6.919990,6.906525
514300080901328,4,-0.003738,-0.000148,0.001174
514300094696969,1,0.000391,6.917400,6.938551
514300099876660,4,-0.002695,0.000034,-0.001609
514300110502512,2,-20.517364,-6.168990,-35.245520
514300113636363,1,0.001785,6.935842,6.921714
514300118851992,4,0.001338,-0.004629,0.001424
514300132575757,1,0.012439,6.940046,6.920168
514300137827324,4,-0.003636,-0.000420,-0.001418
514300151515151,1,0.024823,6.931819,6.918337
514300156802656,4,-0.000721,-0.003059,0.003320
514300160753768,2,-20.640859,-6.168013,-35.381610
514300170454545,1,-0.009100,6.916242,6.950662
514300175777988,4,-0.002573,-0.002415,0.003590
514300189393939,1,0.012965,6.943222,6.940962
514300194753320,4,0.000645,-0.002509,-0.000258
514300208333333,1,0.014980,6.931445,6.939421
514300211005025,2,-20.701299,-6.097818,-35.439453
514300213728652,4,-0.000471,-0.003375,-0.001517
514300227272727,1,-0.009743,6.932507,6.939750
514300232703984,4,-0.000053,0.002533,-0.000378
514300246212121,1,-0.036974,6.926912,6.936329
514300251679316,4,-0.000227,-0.001630,0.002192
514300261256281,2,-20.975237,-6.179903,-35.452269
514300265151515,1,-0.000930,6.928920,6.941419
514300270654648,4,0.001805,0.001579,0.000224
514300284090909,1,-0.008493,6.919686,6.948554
514300289629981,4,-0.003197,0.002173,0.000115
514300303030303,1,0.012512,6.927159,6.933524
514300308605313,4,-0.000617,0.000897,0.000448
514300311507537,2,-20.832398,-6.204863,-35.257349
514300321969696,1,0.010152,6.934877,6.940711
514300327580645,4,-0.002138,-0.000642,-0.003808
514300340909090,1,0.005707,6.930519,6.940540
514300346555977,4,0.000172,0.002660,-0.003591
514300359848484,1,-0.011579,6.939080,6.933460
514300361758793,2,-20.762102,-5.751502,-35.383101
514300365531309,4,0.000257,0.001337,0.001633
514300378787878,1,-0.004329,6.919388,6.935929
514300384506641,4,-0.001492,-0.002204,-0.001174
514300397727272,1,0.000462,6.924273,6.915186
514300403481973,4,0.002382,-0.003419,-0.002432
514300412010050,2,-20.590490,-6.107731,-35.515764
514300416666666,1,-0.019734,6.931300,6.938027
514300422457305,4,-0.000918,-0.001951,-0.000083
514300435606060,1,0.022200,6.933807,6.914844
514300441432637,4,0.002829,-0.002408,-0.000293
514300454545454,1,-0.002483,6.949365,6.926155
514300460407969,4,-0.000017,-0.000669,-0.003157
514300462261306,2,-20.707086,-5.882186,-35.429874
514300473484848,1,0.013423,6.936457,6.942111
514300479383301,4,-0.001276,-0.001270,0.001267
514300492424242,1,0.022306,6.912302,6.945107
514300498358633,4,0.000839,-0.003104,-0.000774
514300511363636,1,-0.001136,6.922959,6.933141
514300512512562,2,-20.679496,-6.037879,-35.431213
514300517333965,4,-0.001001,0.003909,0.000585
514300530303030,1,0.020292,6.950368,6.910340
514300536309297,4,-0.002155,-0.001554,-0.000757
514300549242424,1,-0.009238,6.945663,6.934088
514300555284629,4,0.000725,0.000970,0.000401
514300562763819,2,-20.753537,-6.226284,-35.418176
514300568181818,1,-0.000216,6.915529,6.925403
514300574259962,4,-0.000420,-0.000272,-0.000258
514300587121212,1,-0.016298,6.914509,6.919256
514300593235294,4,-0.003566,-0.000123,-0.001155
514300606060606,1,-0.011137,6.925215,6.924243
514300612210626,4,-0.003306,0.004836,0.000623
514300613015075,2,-20.648519,-6.032156,-35.388886
514300624999999,1,0.012245,6.923463,6.951463
514300631185958,4,0.000026,-0.000742,0.001460
514300643939393,1,-0.005808,6.939619,6.940002
514300650161290,4,-0.002325,-0.000625,-0.001904
514300662878787,1,-0.010774,6.930412,6.928313
514300663266331,2,-20.637761,-6.047273,-35.414426
514300669136622,4,0.001443,-0.001653,0.002203
514300681818181,1,0.004469,6.932803,6.925368
514300688111954,4,-0.000199,0.001549,0.000800
514300700757575,1,0.001429,6.938424,6.956549
514300707087286,4,0.002118,-0.001870,0.001811
514300713517587,2,-20.636239,-6.056023,-35.452002
514300719696969,1,0.000818,6.934469,6.939489
514300726062618,4,-0.003725,0.000086,-0.001092
514300738636363,1,-0.011393,6.913643,6.930603
514300745037950,4,-0.002809,-0.001787,-0.001281
514300757575757,1,0.012865,6.949151,6.911796
514300763768844,2,-20.676272,-6.081796,-35.458740
514300764013282,4,-0.000393,-0.001050,0.000160
514300776515151,1,0.007993,6.908131,6.939859
514300782988614,4,-0.001660,-0.000954,-0.000578
514300795454545,1,0.004792,6.913661,6.946349
514300801963946,4,0.000364,0.001698,0.001707
514300814020100,2,-20.723200,-6.051449,-35.582057
514300814393939,1,0.020926,6.933599,6.936041
514300820939278,4,0.000475,0.000861,0.000624
514300833333333,1,0.017749,6.920833,6.921136
514300839914611,4,-0.000629,0.001801,-0.001829
514300852272727,1,-0.010073,6.934794,6.934762
514300858889943,4,-0.004096,-0.002083,0.002806
514300864271356,2,-20.696528,-5.799536,-35.563455
514300871212121,1,-0.006639,6.930743,6.927874
514300877865275,4,-0.000591,0.000548,-0.000548
514300890151515,1,-0.005902,6.925126,6.925223
514300896840607,4,0.001123,0.000141,-0.000137
514300909090909,1,-0.024011,6.931665,6.910882
514300914522613,2,-20.821899,-5.659509,-35.539833
514300915815939,4,0.001228,-0.000931,0.000744
514300928030303,1,0.009007,6.927630,6.932916
514300934791271,4,-0.000349,-0.000215,-0.001637
514300946969696,1,-0.004479,6.931419,6.949509
514300953766603,4,-0.000432,-0.001082,0.002260
514300964773869,2,-20.553554,-6.110819,-35.407492
514300965909090,1,-0.016218,6.914869,6.935781
514300972741935,4,-0.003368,0.001779,-0.003489
514300984848484,1,-0.005951,6.938664,6.942948
514300991717267,4,0.001074,-0.001675,0.001133
514301003787878,1,-0.013276,6.941589,6.922085
514301010692599,4,-0.000243,-0.002865,0.002717
514301015025125,2,-20.766188,-6.012658,-35.653476
514301022727272,1,0.000895,6.919506,6.935934
514301029667931,4,0.001553,0.001006,-0.001281
514301041666666,1,-0.000251,6.921114,6.918048
514301048643263,4,0.001622,-0.002567,-0.004455
514301060606060,1,0.009008,6.928913,6.946493
514301065276381,2,-20.718574,-6.137017,-35.695974
514301067618595,4,-0.003125,-0.001844,-0.001510
514301079545454,1,-0.006521,6.949975,6.922968
514301086593927,4,-0.000870,-0.000781,-0.001300
514301098484848,1,0.017673,6.936441,6.939146
514301105569259,4,-0.004233,0.000384,-0.000529
514301115527638,2,-20.578380,-6.392638,-35.094246
514301117424242,1,-0.012048,6.943099,6.943516
514301124544592,4,-0.001393,0.002796,-0.000484
514301136363636,1,-0.003893,6.908741,6.920989
514301143519924,4,0.000117,0.001592,-0.002980
514301155303030,1,-0.013362,6.939741,6.928768
514301162495256,4,-0.000045,0.001585,-0.000183
514301165778894,2,-20.653970,-6.280662,-35.215799
514301174242424,1,-0.005347,6.927553,6.951980
514301181470588,4,-0.002607,-0.000965,0.000378
514301193181818,1,0.000544,6.936722,6.926916
514301200445920,4,-0.004214,-0.002705,0.003947
514301212121212,1,-0.000356,6.922640,6.938473
514301216030150,2,-20.859070,-6.182237,-35.686659
514301219421252,4,0.000969,0.002967,0.001733
514301231060606,1,-0.013759,6.943279,6.925529
514301238396584,4,0.000788,-0.000618,0.000762
514301250000000,1,0.011381,6.957236,6.934362
514301257371916,4,0.002900,0.001651,0.000334
514301266281407,2,-20.876107,-6.188438,-35.293791
514301268939393,1,0.015739,6.943366,6.917155
514301276347248,4,-0.000345,0.000997,-0.001064
514301287878787,1,0.001331,6.940363,6.941521
514301295322580,4,0.000997,-0.001396,-0.000708
514301306818181,1,0.002138,6.936332,6.934410
514301314297912,4,-0.002055,-0.000880,-0.001367
514301316532663,2,-20.571434,-6.262631,-35.375932
514301325757575,1,0.001598,6.919665,6.931514
514301333273244,4,0.003384,-0.001789,0.000770
514301344696969,1,-0.017436,6.928377,6.927259
514301352248576,4,-0.001894,0.000094,0.000580
514301363636363,1,-0.007856,6.921725,6.937580
514301366783919,2,-21.022551,-6.035361,-35.092201
514301371223908,4,-0.003702,-0.002795,-0.001909
514301382575757,1,-0.003817,6.929304,6.917458
514301390199240,4,-0.002606,0.000168,0.000485
514301401515151,1,-0.003574,6.948095,6.948278
514301409174573,4,-0.002126,0.000248,-0.000848
514301417035175,2,-21.013485,-6.228713,-35.307422
514301420454545,1,0.004482,6.930807,6.941057
514301428149905,4,-0.000199,-0.001257,0.000975
514301439393939,1,-0.008008,6.930758,6.925438
514301447125237,4,0.003270,0.001549,0.002787
514301458333333,1,0.010900,6.943709,6.933933
514301466100569,4,-0.002806,-0.001351,0.001130
514301467286432,2,-20.619734,-6.217680,-35.195476
514301477272727,1,0.020775,6.939299,6.938623
514301485075901,4,0.003017,0.001301,-0.002052
514301496212121,1,0.002989,6.919201,6.923617
514301504051233,4,-0.000869,0.000667,-0.000329
514301515151515,1,-0.000656,6.933792,6.941426
514301517537688,2,-20.868850,-5.825493,-35.346215
514301523026565,4,-0.001598,-0.000581,-0.000029
514301534090909,1,-0.008014,6.935197,6.935411
514301542001897,4,-0.002170,0.001969,-0.000879
514301553030303,1,0.001538,6.934546,6.917503
514301560977229,4,-0.000145,0.002070,-0.000250
514301567788944,2,-20.555831,-6.020889,-35.317968
514301571969696,1,-0.027135,6.923048,6.927975
514301579952561,4,0.001961,-0.002058,0.000866
514301590909090,1,-0.014141,6.933681,6.947430
514301598927893,4,0.001679,-0.001660,-0.000357
514301609848484,1,0.008712,6.939945,6.946172
514301617903225,4,-0.000315,0.000419,0.000950
514301618040201,2,-20.639993,-5.904795,-35.421437
514301628787878,1,-0.011095,6.928867,6.941727
514301636878557,4,-0.001822,-0.000120,0.003183
514301647727272,1,-0.005694,6.929311,6.956698
514301655853889,4,0.002108,0.001588,-0.000386
514301666666666,1,0.001145,6.955512,6.912469
514301668291457,2,-20.881499,-6.088354,-35.516636
514301674829222,4,0.004258,0.002060,0.000075
514301685606060,1,-0.007570,6.939255,6.935474
514301693804554,4,0.000441,-0.000918,0.000787
514301704545454,1,-0.024667,6.931594,6.964025
514301712779886,4,0.001186,0.001405,-0.000361
514301718542713,2,-20.836824,-5.828296,-35.323104
514301723484848,1,0.002963,6.941602,6.926621
514301731755218,4,-0.002947,0.000484,0.001414
514301742424242,1,0.002919,6.934201,6.947774
514301750730550,4,-0.001957,-0.000182,0.002683
514301761363636,1,0.013044,6.939239,6.935200
514301768793969,2,-20.660002,-5.915616,-35.323886
514301769705882,4,-0.002407,-0.000567,0.002974
514301780303030,1,-0.020149,6.913781,6.935332
514301788681214,4,0.000315,-0.001052,-0.000014
514301799242424,1,0.010496,6.950330,6.923672
514301807656546,4,0.001652,-0.000407,0.001195
514301818181818,1,-0.018111,6.945544,6.924572
514301819045226,2,-20.466451,-6.390710,-35.566152
514301826631878,4,0.000470,0.000634,0.001323
514301837121212,1,-0.018925,6.928425,6.928216
514301845607210,4,-0.000590,-0.001889,0.000949
514301856060606,1,0.015842,6.944736,6.925500
514301864582542,4,-0.000265,-0.000896,0.001053
514301869296482,2,-20.851614,-6.282870,-35.399575
514301875000000,1,0.016775,6.935849,6.947079
514301883557874,4,0.002555,-0.000309,0.000017
514301893939393,1,0.015926,6.931198,6.941205
514301902533206,4,-0.002364,-0.000445,0.000443
514301912878787,1,-0.004881,6.945510,6.935432
514301919547738,2,-20.722523,-5.780213,-35.280945
514301921508538,4,-0.000041,-0.000724,0.001452
514301931818181,1,0.011524,6.952646,6.940915
514301940483870,4,0.000116,0.005178,0.000415
514301950757575,1,-0.001122,6.933427,6.898864
514301959459203,4,-0.005493,-0.002224,0.001064
514301969696969,1,-0.008554,6.945540,6.945987
514301969798994,2,-20.822642,-6.002359,-35.690560
514301978434535,4,-0.001287,-0.001162,-0.002478
514301988636363,1,-0.008815,6.936324,6.932078
514301997409867,4,-0.000953,0.000388,0.000772
514302007575757,1,1.075695,6.414789,7.876182
514302016385199,4,-0.002040,0.001611,-0.002383
514302020050251,2,-20.806947,-6.121245,-35.493777
514302026515151,1,1.042075,6.911573,8.309857
514302035360531,4,0.000876,0.000674,-0.001869
514302045454545,1,0.968268,7.430864,8.664302
514302054335863,4,-0.002107,0.000765,-0.001120
514302064393939,1,0.891510,7.949047,8.931775
514302070301507,2,-21.055164,-6.379982,-35.356806
514302073311195,4,-0.000381,0.001375,0.000958
514302083333333,1,0.734448,8.405288,9.133784
514302092286527,4,-0.001832,-0.000107,-0.001869
514302102272727,1,0.547418,8.794029,9.207364
514302111261859,4,0.001740,0.003073,-0.001690
514302120552763,2,-21.096611,-6.247621,-35.013819
514302121212121,1,0.376284,9.105317,9.207194
514302130237191,4,-0.000062,0.001835,0.000048
514302140151515,1,0.129133,9.326886,9.061396
514302149212523,4,0.001123,0.000103,-0.002114
514302159090909,1,-0.106141,9.423719,8.877137
514302168187855,4,0.000238,0.002255,0.000629
514302170804020,2,-21.399275,-6.603094,-35.050365
514302178030303,1,-0.279144,9.411381,8.543069
514302187163187,4,0.003247,-0.003543,0.000758
514302196969696,1,-0.490978,9.313513,8.150095
514302206138519,4,-0.001296,-0.001751,0.002669
514302215909090,1,-0.633839,9.072877,7.676267
514302221055276,2,-21.455260,-6.701248,-34.764518
514302225113851,4,-0.000510,-0.000703,0.000687
514302234848484,1,-0.771412,8.768831,7.186056
514302244089184,4,-0.004305,0.002710,0.003809
514302253787878,1,-0.850531,8.380595,6.717044
514302263064516,4,0.001830,0.000824,-0.000433
514302271306532,2,-21.487791,-6.482338,-35.105943
514302272727272,1,-0.897106,7.937561,6.189818
514302282039848,4,-0.002150,0.002388,0.001833
514302291666666,1,-0.897519,7.455675,5.715281
514302301015180,4,0.000900,0.000667,0.000601
514302310606060,1,-0.824690,6.943603,5.291641
514302319990512,4,-0.001052,0.005002,-0.000571
514302321557788,2,-21.539861,-6.452376,-34.780709
514302329545454,1,-0.699621,6.466151,4.919037
514302338965844,4,-0.000853,0.002241,-0.000058
514302348484848,1,-0.589147,5.961066,4.638549
514302357941176,4,-0.000038,0.002829,0.001357
514302367424242,1,-0.389980,5.534117,4.498718
514302371809045,2,-21.541609,-6.479002,-34.919167
514302376916508,4,0.001459,-0.002835,0.000801
514302386363636,1,-0.201735,5.177050,4.438074
514302395891840,4,-0.002011,-0.000910,0.000351
514302405303030,1,0.018034,4.883272,4.483188
514302414867172,4,-0.000072,0.001308,0.001541
514302422060301,2,-21.342989,-6.378010,-35.298534
514302424242424,1,0.255144,4.723941,4.640409
514302433842504,4,0.001691,-0.002688,0.004725
514302443181818,1,0.461743,4.637582,4.909323
514302452817836,4,-0.000049,0.002426,-0.005029
514302462121212,1,0.629337,4.691797,5.258969
514302471793168,4,-0.000531,-0.002921,-0.001723
514302472311557,2,-21.211382,-6.220747,-35.178010
514302481060606,1,0.796513,4.812617,5.687158
514302490768500,4,0.000101,-0.000669,0.002628
514302500000000,1,0.909874,5.045707,6.165120
514302509743833,4,0.003538,-0.001934,-0.000976
514302518939393,1,1.017546,5.374876,6.649965
514302522562814,2,-20.868193,-6.198067,-35.240686
514302528719165,4,-0.002062,0.002312,0.000318
514302537878787,1,1.053991,5.775667,7.193454
514302547694497,4,0.000065,0.000625,-0.000622
514302556818181,1,1.043143,6.228218,7.724029
514302566669829,4,-0.001713,0.000102,-0.000534
514302572814070,2,-20.588064,-5.907976,-35.447475
514302575757575,1,0.991637,6.698074,8.184621
514302585645161,4,0.000694,-0.003264,0.000373
514302594696969,1,0.902292,7.190176,8.609475
514302604620493,4,-0.001378,0.000303,0.001810
514302613636363,1,0.770144,7.678442,8.967663
514302623065326,2,-20.533229,-5.970534,-35.764571
514302623595825,4,-0.001112,0.002393,-0.003482
514302632575757,1,0.587095,8.095557,9.234154
514302642571157,4,0.003088,0.002477,-0.001773
514302651515151,1,0.373376,8.492066,9.369645
514302661546489,4,-0.001756,-0.002990,0.001843
514302670454545,1,0.156123,8.826451,9.395311
514302673316582,2,-20.354749,-5.854551,-35.489196
514302680521821,4,-0.000661,-0.000808,-0.002246
514302689393939,1,-0.080929,9.048346,9.343741
514302699497153,4,0.003624,-0.001946,0.000048
514302708333333,1,-0.336611,9.191188,9.162020
514302718472485,4,0.000432,-0.000797,-0.001202
514302723567839,2,-20.306165,-5.510319,-35.867263
514302727272727,1,-0.539385,9.184128,8.866469
514302737447817,4,-0.000739,0.001131,-0.000694
514302746212121,1,-0.763263,9.136799,8.544817
514302756423149,4,0.003251,-0.001554,0.001508
514302765151515,1,-0.949111,8.932515,8.092660
514302773819095,2,-20.082784,-5.541032,-36.104597
514302775398481,4,-0.003513,-0.001554,-0.001633
514302784090909,1,-1.071734,8.659362,7.598630
514302794373814,4,-0.002208,0.000567,-0.000220
514302803030303,1,-1.179347,8.258264,7.116847
514302813349146,4,-0.004558,0.003991,0.000352
514302821969696,1,-1.237641,7.834773,6.603464
514302824070351,2,-20.130855,-5.760322,-35.975913
514302832324478,4,0.000002,0.002620,0.001978
514302840909090,1,-1.242917,7.384155,6.101700
514302851299810,4,-0.000596,-0.003905,0.001129
514302859848484,1,-1.167943,6.873896,5.683658
514302870275142,4,-0.001926,0.002479,-0.001552
514302874321608,2,-20.166233,-5.389117,-35.993839
514302878787878,1,-1.116183,6.377783,5.272496
514302889250474,4,-0.000904,-0.002686,-0.002525
514302897727272,1,-0.972456,5.886135,4.992203
514302908225806,4,-0.000218,-0.000405,-0.000952
514302916666666,1,-0.813419,5.442281,4.782927
514302924572864,2,-20.463903,-5.688088,-35.733985
514302927201138,4,0.004106,0.001207,0.000020
514302935606060,1,-0.601880,5.032967,4.679493
514302946176470,4,-0.005515,0.001652,0.005989
514302954545454,1,-0.375427,4.758522,4.657681
514302965151802,4,-0.000376,-0.001621,0.000327
514302973484848,1,-0.142784,4.563939,4.808018
514302974824120,2,-19.991399,-5.758581,-35.846404
514302984127134,4,-0.002863,0.000924,0.003000
514302992424242,1,0.097745,4.482974,5.004617
514303003102466,4,-0.001342,-0.001277,-0.000159
514303011363636,1,0.333087,4.471677,5.283966
514303022077798,4,-0.001002,-0.003025,-0.000770
514303025075376,2,-20.407336,-5.776795,-35.823306
514303030303030,1,0.550021,4.606020,5.665235
514303041053130,4,-0.001174,0.002733,0.002311
514303049242424,1,0.725920,4.843785,6.119335
514303060028462,4,0.002795,0.001603,0.000412
514303068181818,1,0.872694,5.183395,6.588298
514303075326633,2,-20.637125,-5.981388,-35.512197
514303079003795,4,-0.001749,0.002652,0.000696
514303087121212,1,0.968111,5.585304,7.042072
514303097979127,4,-0.002496,-0.001828,-0.002527
514303106060606,1,1.041068,6.056926,7.558846
514303116954459,4,-0.004104,0.000777,-0.002476
514303125000000,1,1.045850,6.547956,7.983946
514303125577889,2,-20.827288,-6.258785,-35.323797
514303135929791,4,-0.001512,0.000078,-0.000376
514303143939393,1,1.017529,7.095721,8.415116
514303154905123,4,-0.001427,0.003038,-0.003053
514303162878787,1,0.955500,7.609862,8.760164
514303173880455,4,-0.002967,0.000916,-0.001252
514303175829145,2,-21.010730,-6.267955,-35.394501
514303181818181,1,0.842914,8.098224,9.024335
514303192855787,4,-0.001330,-0.002158,0.000676
514303200757575,1,0.641559,8.552894,9.155287
514303211831119,4,0.000451,0.000238,-0.001166
514303219696969,1,0.470397,8.898273,9.237276
514303226080402,2,-21.084170,-6.531914,-34.860837
514303230806451,4,-0.001502,-0.000326,0.001933
514303238636363,1,0.265159,9.177966,9.159481
514303249781783,4,0.003136,0.002223,0.001011
514303257575757,1,0.062211,9.373539,9.033416
514303268757115,4,0.001964,-0.002364,-0.001428
514303276331658,2,-21.497533,-6.379712,-35.285209
514303276515151,1,-0.127343,9.443218,8.761191
514303287732447,4,0.001049,-0.000236,0.000675
514303295454545,1,-0.374054,9.418441,8.416300
514303306707779,4,0.001959,0.001648,-0.002182
514303314393939,1,-0.544233,9.251945,7.991232
514303325683111,4,0.000024,-0.001842,-0.001555
514303326582914,2,-21.753707,-6.648137,-35.267059
514303333333333,1,-0.719211,9.004820,7.546861
514303344658444,4,-0.003422,0.000267,-0.003570
514303352272727,1,-0.796529,8.659230,7.030522
514303363633776,4,0.000788,0.002717,0.001061
514303371212121,1,-0.869322,8.248845,6.519542
514303376834170,2,-21.346837,-6.599466,-34.686676
514303382609108,4,0.000104,0.003069,0.000655
514303390151515,1,-0.892019,7.799133,6.029270
514303401584440,4,-0.001725,0.000250,0.003919
514303409090909,1,-0.863717,7.288597,5.570916
514303420559772,4,-0.002185,-0.002760,0.001230
514303427085427,2,-21.466759,-6.548650,-34.948132
514303428030303,1,-0.779355,6.761470,5.153834
514303439535104,4,-0.000448,-0.001064,-0.002518
514303446969696,1,-0.682940,6.282388,4.840648
514303458510436,4,-0.003900,-0.002913,0.003230
514303465909090,1,-0.533472,5.815696,4.612057
514303477336683,2,-21.503252,-6.593693,-35.140942
514303477485768,4,-0.000018,-0.003925,0.002368
514303484848484,1,-0.336223,5.408491,4.470254
514303496461100,4,0.002470,0.002458,-0.000845
514303503787878,1,-0.143747,5.074254,4.451600
514303515436432,4,-0.000538,0.000275,0.002802
514303522727272,1,0.081072,4.838787,4.522123
514303527587939,2,-21.194644,-6.489615,-35.064625
514303534411764,4,-0.001110,-0.001509,0.001391
514303541666666,1,0.296159,4.683271,4.708187
514303553387096,4,0.002419,-0.000106,0.001341
514303560606060,1,0.499017,4.642355,5.006976
514303572362428,4,0.000225,-0.000502,-0.001659
514303577839195,2,-20.668668,-6.385571,-35.120849
514303579545454,1,0.692385,4.709844,5.386627
514303591337760,4,-0.002308,-0.001230,-0.001952
514303598484848,1,0.855653,4.870035,5.827925
514303610313092,4,0.000567,0.002435,0.000408
514303617424242,1,0.943044,5.147475,6.329034
514303628090452,2,-20.910767,-6.014114,-35.269504
514303629288425,4,-0.001841,0.001711,0.000594
514303636363636,1,1.047700,5.499369,6.856970
514303648263757,4,0.000990,-0.001039,0.002267
514303655303030,1,1.068642,5.903744,7.363442
514303667239089,4,0.002257,-0.000368,0.001437
514303674242424,1,1.042934,6.364008,7.881326
514303678341708,2,-20.739395,-5.698891,-35.579210
514303686214421,4,0.002203,-0.000931,-0.000162
514303693181818,1,0.970272,6.865257,8.345906
514303705189753,4,0.000160,-0.002196,0.000883
514303712121212,1,0.866299,7.355700,8.741479
514303724165085,4,0.002045,-0.000288,0.000680
514303728592964,2,-20.525658,-5.764417,-35.713857
514303731060606,1,0.703788,7.827007,9.089158
514303743140417,4,0.002797,-0.000810,0.000721
514303750000000,1,0.503793,8.250666,9.265377
514303762115749,4,-0.001140,-0.001194,0.000684
514303768939393,1,0.300171,8.609828,9.392291
514303778844221,2,-20.198069,-5.848109,-35.566353
514303781091081,4,0.000483,0.001110,0.000152
514303787878787,1,0.070579,8.901122,9.375645
514303800066413,4,0.000930,0.003331,0.002120
514303806818181,1,-0.152433,9.113771,9.288453
514303819041745,4,0.000677,0.001010,-0.000598
514303825757575,1,-0.414916,9.199548,9.082377
514303829095477,2,-20.016539,-5.688772,-35.967837
514303838017077,4,-0.000318,0.000985,0.000175
514303844696969,1,-0.615988,9.196963,8.783949
514303856992409,4,0.001586,0.002534,-0.000204
514303863636363,1,-0.844213,9.064341,8.396359
514303875967741,4,-0.004018,0.004068,-0.001305
514303879346733,2,-20.118679,-5.608826,-35.753182
514303882575757,1,-1.001182,8.862244,7.957231
514303894943074,4,0.000390,0.001455,0.002818
514303901515151,1,-1.104240,8.543065,7.440097
514303913918406,4,0.003612,-0.000728,0.002379
514303920454545,1,-1.199859,8.128340,6.927673
514303929597989,2,-19.964383,-5.494527,-35.865413
514303932893738,4,0.000396,0.005486,0.002201
514303939393939,1,-1.249188,7.694095,6.428994
514303951869070,4,-0.000355,-0.001586,-0.005253
514303958333333,1,-1.226088,7.212758,5.950015
514303970844402,4,0.001349,0.002017,0.001491
514303977272727,1,-1.167640,6.688597,5.535511
514303979849246,2,-19.897856,-5.613405,-35.884949
514303989819734,4,-0.004707,-0.002516,0.000962
514303996212121,1,-1.055518,6.201901,5.185120
514304008795066,4,0.003571,-0.000111,0.002183
514304015151515,1,-0.911680,5.700204,4.893108
514304027770398,4,-0.002069,0.000414,-0.000549
514304030100502,2,-20.091577,-5.696104,-35.710859
514304034090909,1,-0.744185,5.299106,4.716775
514304046745730,4,0.002375,-0.001080,0.003354
514304053030303,1,-0.520328,4.946444,4.639898
514304065721062,4,-0.000615,-0.002140,-0.002073
514304071969696,1,-0.308826,4.691740,4.709692
514304080351758,2,-20.070799,-5.532154,-35.894558
514304084696394,4,-0.001245,0.000741,-0.001220
514304090909090,1,-0.068390,4.502807,4.815186
514304103671726,4,-0.001641,0.001780,-0.006422
514304109848484,1,0.195930,4.459816,5.108457
514304122647058,4,-0.000860,-0.002668,-0.001737
514304128787878,1,0.401199,4.517959,5.424278
514304130603015,2,-20.332172,-5.661267,-35.442469
514304141622390,4,0.000487,-0.000410,-0.000591
514304147727272,1,0.627506,4.684910,5.812363
514304160597722,4,0.002379,-0.000027,0.003612
514304166666666,1,0.782866,4.932670,6.258882
514304179573055,4,0.001424,-0.001933,0.003868
514304180854271,2,-20.804261,-5.958726,-35.563115
514304185606060,1,0.920703,5.318313,6.740826
514304198548387,4,0.000556,0.003743,-0.000532
514304204545454,1,1.027416,5.731473,7.252447
514304217523719,4,0.000544,0.000864,-0.000336
514304223484848,1,1.070451,6.225304,7.727071
514304231105527,2,-20.544219,-6.433651,-35.547875
514304236499051,4,0.002544,0.003865,-0.004587
514304242424242,1,1.071281,6.749188,8.182863
514304255474383,4,0.001630,-0.001789,-0.005186
514304261363636,1,1.031352,7.269907,8.537630
514304274449715,4,0.001034,0.001039,0.001360
514304280303030,1,0.921392,7.754698,8.864310
514304281356783,2,-20.767871,-6.315995,-35.442708
514304293425047,4,0.000742,0.001750,-0.001206
514304299242424,1,0.768503,8.267243,9.100789
514304312400379,4,0.000527,0.001396,0.002706
514304318181818,1,0.593958,8.670197,9.187611
514304331375711,4,0.000088,-0.000428,-0.000110
514304331608040,2,-20.935361,-6.591207,-34.963286
514304337121212,1,0.395056,9.008969,9.226007
514304350351043,4,-0.002387,0.001539,-0.002915
514304356060606,1,0.213161,9.258902,9.109775
514304369326375,4,0.000782,0.000169,-0.003102
514304375000000,1,-0.011820,9.382540,8.920890
514304381859296,2,-21.541194,-6.700342,-34.979043
514304388301707,4,-0.002988,-0.001707,-0.000688
514304393939393,1,-0.237713,9.447004,8.657969
514304407277039,4,0.002961,-0.000221,0.001093
514304412878787,1,-0.418925,9.347546,8.277901
514304426252371,4,0.002533,0.002146,-0.000014
514304431818181,1,-0.611175,9.191295,7.874121
514304432110552,2,-21.534252,-6.518068,-34.663801
514304445227703,4,-0.001411,0.000998,-0.001371
514304450757575,1,-0.726406,8.903078,7.364542
514304464203036,4,0.003630,0.001736,0.000417
514304469696969,1,-0.850459,8.519086,6.854685
514304482361809,2,-21.477698,-6.350625,-34.849589
514304483178368,4,0.001025,0.000357,-0.000737
514304488636363,1,-0.888340,8.089242,6.352658
514304502153700,4,0.000997,-0.000486,0.003873
514304507575757,1,-0.898757,7.642464,5.848594
514304521129032,4,-0.001385,0.001018,-0.001565
514304526515151,1,-0.834653,7.107505,5.426754
514304532613065,2,-21.302688,-6.941431,-34.809134
514304540104364,4,-0.001586,-0.003572,0.000823
514304545454545,1,-0.749995,6.604099,5.027553
514304559079696,4,-0.001065,0.002167,0.000827
514304564393939,1,-0.629319,6.116180,4.743727
514304578055028,4,0.000296,-0.002821,0.001170
514304582864321,2,-21.310061,-6.594445,-34.668262
514304583333333,1,-0.471762,5.683906,4.509170
514304597030360,4,-0.001324,-0.002866,0.000861
514304602272727,1,-0.269719,5.273880,4.442998
514304616005692,4,-0.002517,-0.004182,0.002594
514304621212121,1,-0.044328,4.963872,4.480838
514304633115577,2,-21.342227,-6.696285,-34.920778
514304634981024,4,-0.001121,-0.003489,-0.001925
514304640151515,1,0.163166,4.773829,4.557150
514304653956356,4,-0.001442,0.002288,-0.003326
514304659090909,1,0.373864,4.671213,4.803789
514304672931688,4,-0.002678,0.001961,-0.000899
514304678030303,1,0.575702,4.655552,5.106727
514304683366834,2,-21.325297,-6.327912,-34.952646
514304691907020,4,0.000456,-0.000982,0.004041
514304696969696,1,0.733128,4.772827,5.536750
514304710882352,4,-0.002579,0.000564,0.003006
514304715909090,1,0.905280,4.952429,5.990083
514304729857685,4,-0.000750,-0.001508,0.001534
514304733618090,2,-20.849936,-6.240716,-35.342087
514304734848484,1,1.011266,5.242280,6.513337
514304748833017,4,0.002008,-0.001600,0.002924
514304753787878,1,1.048188,5.618903,7.026307
514304767808349,4,0.000102,0.001018,0.002977
514304772727272,1,1.052633,6.038666,7.549826
514304783869346,2,-20.531755,-6.241875,-35.317880
514304786783681,4,0.001538,-0.000000,-0.001343
514304791666666,1,1.034451,6.548374,8.050132
514304805759013,4,0.005417,-0.001578,0.000636
514304810606060,1,0.966182,7.040728,8.495040
514304824734345,4,0.001020,0.001115,0.004256
514304829545454,1,0.818849,7.525299,8.832379
514304834120603,2,-20.189385,-5.835470,-35.611743
514304843709677,4,0.000095,-0.000190,0.003105
514304848484848,1,0.639650,7.947382,9.152339
514304862685009,4,-0.000272,0.001752,0.000389
514304867424242,1,0.437421,8.416727,9.323619
514304881660341,4,0.001842,0.001451,-0.000806
514304884371859,2,-20.355922,-5.861148,-35.801592
514304886363636,1,0.225812,8.718947,9.401358
514304900635673,4,-0.003688,-0.003348,-0.003681
514304905303030,1,-0.025435,8.968025,9.347317
514304919611005,4,-0.000182,-0.004705,-0.000320
514304924242424,1,-0.242110,9.141872,9.253816
514304934623115,2,-20.159971,-5.583074,-35.566413
514304938586337,4,0.000268,0.001712,0.001009
514304943181818,1,-0.494781,9.224233,9.004568
514304957561669,4,0.001804,0.000828,-0.000647
514304962121212,1,-0.678923,9.161607,8.646397
514304976537001,4,-0.000212,-0.001703,0.000456
514304981060606,1,-0.867459,8.995962,8.243952
514304984874371,2,-20.362275,-5.978317,-35.636054
514304995512333,4,-0.003168,0.002132,-0.001913
514304999999999,1,-1.037997,8.742381,7.778968
514305014487666,4,0.000308,0.000643,0.002325
514305018939393,1,-1.142941,8.401626,7.282404
514305033462998,4,-0.003362,-0.000651,0.001100
514305035125628,2,-20.006254,-5.560340,-35.841065
514305037878787,1,-1.247833,7.987283,6.762054
514305052438330,4,0.003502,-0.000078,-0.001189
514305056818181,1,-1.238007,7.543438,6.272064
514305071413662,4,0.004054,0.001605,0.002747
514305075757575,1,-1.207785,7.031550,5.815070
514305085376884,2,-20.048484,-5.284208,-35.838770
514305090388994,4,-0.002419,0.001042,-0.002167
514305094696969,1,-1.134892,6.518083,5.401698
514305109364326,4,-0.002610,0.001164,0.001304
514305113636363,1,-1.011849,6.050364,5.091084
514305128339658,4,-0.000964,0.002864,-0.000738
514305132575757,1,-0.872978,5.556209,4.830452
514305135628140,2,-20.152330,-5.677067,-35.891216
514305147314990,4,-0.000540,-0.000072,-0.000486
514305151515151,1,-0.665781,5.169434,4.712240
514305166290322,4,0.002555,-0.002083,-0.001509
514305170454545,1,-0.434246,4.844890,4.661211
514305185265654,4,-0.002383,0.003767,-0.000649
514305185879396,2,-20.319936,-5.448831,-35.772178
514305189393939,1,-0.210881,4.625696,4.744287
514305204240986,4,-0.001537,-0.000575,0.001698
514305208333333,1,0.016085,4.476979,4.901277
514305223216318,4,0.001328,-0.001150,-0.000799
514305227272727,1,0.257409,4.472863,5.194995
514305236130653,2,-20.540340,-5.750674,-35.465715
514305242191650,4,-0.002911,0.000277,0.002565
514305246212121,1,0.488209,4.575237,5.522971
514305261166982,4,-0.001164,0.001272,-0.001164
514305265151515,1,0.674621,4.762101,5.957001
514305280142314,4,-0.002191,0.001361,0.004695
514305284090909,1,0.822894,5.072081,6.414840
514305286381909,2,-20.396499,-6.056734,-35.716624
514305299117647,4,0.001087,-0.000828,-0.000699
514305303030303,1,0.930314,5.438196,6.907102
514305318092979,4,0.003818,0.000614,-0.001532
514305321969696,1,1.058192,5.895127,7.395769
514305336633165,2,-20.545923,-6.329718,-35.351317
514305337068311,4,-0.000124,0.000430,0.000938
514305340909090,1,1.065057,6.385785,7.894286
514305356043643,4,0.003024,0.002552,0.000396
514305359848484,1,1.058223,6.895628,8.290100
514305375018975,4,-0.000083,0.000792,-0.001216
514305378787878,1,0.984888,7.424953,8.634387
514305386884422,2,-21.046630,-6.032970,-35.421220
514305393994307,4,0.001960,-0.000407,0.000982
514305397727272,1,0.883124,7.932084,8.954040
514305412969639,4,0.003427,0.001106,0.000461
514305416666666,1,0.728108,8.394625,9.100573
514305431944971,4,-0.001035,-0.000156,-0.002272
514305435606060,1,0.563250,8.796916,9.212875
514305437135678,2,-21.263178,-6.270301,-35.010843
514305450920303,4,0.001066,-0.004269,0.001937
514305454545454,1,0.335839,9.122622,9.187841
514305469895635,4,0.001463,0.000196,-0.001066
514305473484848,1,0.127324,9.323579,9.094386
514305487386934,2,-21.089167,-6.402536,-34.967128
514305488870967,4,-0.000033,-0.003548,0.001648
514305492424242,1,-0.087790,9.415266,8.851207
514305507846299,4,-0.000328,0.003030,0.000784
514305511363636,1,-0.282790,9.434635,8.520374
514305526821631,4,0.000463,0.000802,-0.001951
514305530303030,1,-0.481967,9.291185,8.154653
514305537638190,2,-21.241031,-6.758019,-35.072546
514305545796963,4,-0.000902,0.000266,-0.000605
514305549242424,1,-0.639888,9.080610,7.709864
514305564772296,4,-0.001153,-0.000565,0.000088
514305568181818,1,-0.766485,8.783922,7.197224
514305583747628,4,0.004637,-0.000651,-0.001355
514305587121212,1,-0.853890,8.387010,6.681057
514305587889447,2,-21.644923,-6.995719,-34.773836
514305602722960,4,-0.000305,0.003003,0.003146
514305606060606,1,-0.875958,7.934891,6.179931
514305621698292,4,0.003898,0.000122,0.001283
514305624999999,1,-0.880975,7.466667,5.724757
514305638140703,2,-21.235320,-6.507852,-34.844763
514305640673624,4,-0.002100,-0.000707,-0.002230
514305643939393,1,-0.825236,6.955037,5.287799
514305659648956,4,0.000947,0.000077,0.000452
514305662878787,1,-0.726965,6.430434,4.948254
514305678624288,4,-0.001692,0.001701,-0.004814
514305681818181,1,-0.548585,5.963671,4.656698
514305688391959,2,-21.379415,-6.539454,-34.691017
514305697599620,4,-0.000504,-0.000213,-0.004043
514305700757575,1,-0.399272,5.523610,4.486909
514305716574952,4,0.000768,-0.000347,0.001122
514305719696969,1,-0.206673,5.173037,4.433855
514305735550284,4,0.004000,0.000649,0.001945
514305738636363,1,0.013856,4.896757,4.490250
514305738643216,2,-21.050832,-6.553851,-34.860609
514305754525616,4,0.002762,0.000984,-0.001732
514305757575757,1,0.230146,4.719070,4.636646
514305773500948,4,-0.003280,0.000749,-0.000801
514305776515151,1,0.461542,4.640635,4.905803
514305788894472,2,-20.946469,-6.255876,-35.081454
514305792476280,4,0.002567,-0.000950,-0.000029
514305795454545,1,0.626719,4.682958,5.255947
514305811451612,4,-0.002318,-0.000688,-0.001886
514305814393939,1,0.814472,4.811197,5.662056
514305830426944,4,-0.001703,-0.000106,-0.001214
514305833333333,1,0.922732,5.062584,6.182656
514305839145728,2,-20.893577,-6.441653,-35.509278
514305849402277,4,0.005258,0.001672,0.002169
514305852272727,1,1.031257,5.358112,6.684067
514305868377609,4,-0.000222,0.000212,-0.000859
514305871212121,1,1.052919,5.763324,7.204712
514305887352941,4,0.005249,-0.000218,-0.001208
514305889396984,2,-20.626938,-6.240099,-35.626377
514305890151515,1,1.063037,6.216264,7.710627
514305906328273,4,-0.001508,0.000671,0.002842
514305909090909,1,1.017419,6.690081,8.212347
514305925303605,4,0.002174,-0.001513,-0.001562
514305928030303,1,0.887809,7.190651,8.604463
514305939648241,2,-20.851797,-6.003612,-35.504620
514305944278937,4,0.002493,0.004203,-0.000290
514305946969696,1,0.751227,7.661518,8.982748
514305963254269,4,0.002413,-0.002932,-0.001687
514305965909090,1,0.597824,8.123482,9.218207
514305982229601,4,-0.002019,0.000824,-0.000358
514305984848484,1,0.376729,8.518487,9.376311
514305989899497,2,-20.283075,-5.674700,-35.749461
514306001204933,4,0.000476,0.002438,-0.001306
514306003787878,1,0.147394,8.838143,9.418101
514306020180265,4,0.000188,-0.002676,0.002328
514306022727272,1,-0.087112,9.043566,9.331136
514306039155597,4,0.002193,0.000724,0.000240
514306040150753,2,-20.176657,-5.568253,-35.728303
514306041666666,1,-0.331027,9.184121,9.169857
514306058130929,4,-0.001018,-0.002791,0.000611
514306060606060,1,-0.570982,9.179187,8.871868
514306077106261,4,0.001512,0.004039,-0.000787
514306079545454,1,-0.765275,9.133539,8.517898
514306090402010,2,-20.166043,-5.573827,-36.171887
514306096081593,4,0.000540,0.002229,0.002289
514306098484848,1,-0.935393,8.936893,8.078516
514306115056925,4,-0.001245,-0.000558,-0.001050
514306117424242,1,-1.062833,8.640765,7.630721
514306134032258,4,-0.001804,0.002943,0.000125
514306136363636,1,-1.181636,8.278316,7.093788
514306140653266,2,-20.017901,-5.671569,-35.686430
514306153007590,4,-0.000148,0.000495,0.000108
514306155303030,1,-1.231210,7.876291,6.604437
514306171982922,4,-0.000442,-0.001523,0.003131
514306174242424,1,-1.235233,7.361019,6.119515
514306190904522,2,-20.163439,-5.560605,-35.979244
514306190958254,4,-0.001141,-0.001861,-0.000161
514306193181818,1,-1.192727,6.862888,5.674143
514306209933586,4,0.004315,-0.001643,0.001419
514306212121212,1,-1.125627,6.355116,5.272682
514306228908918,4,-0.000493,0.000490,0.001844
514306231060606,1,-0.969592,5.861788,4.978252
514306241155778,2,-20.158946,-5.560117,-35.939040
514306247884250,4,-0.003439,-0.001793,0.001816
514306249999999,1,-0.814550,5.442045,4.770715
514306266859582,4,0.000195,0.000424,0.001423
514306268939393,1,-0.604377,5.069839,4.681092
514306285834914,4,-0.001779,0.002110,0.001640
514306287878787,1,-0.397882,4.773271,4.696478
514306291407035,2,-19.910085,-5.988052,-35.706487
514306304810246,4,0.000477,0.000936,0.002330
514306306818181,1,-0.119107,4.566193,4.772280
514306323785578,4,-0.001188,0.001323,0.003489
514306325757575,1,0.099618,4.448273,4.984776
514306341658291,2,-20.357821,-5.805608,-35.649647
514306342760910,4,0.001281,-0.000445,0.004636
514306344696969,1,0.316951,4.476301,5.297579
514306361736242,4,0.000462,0.002797,-0.000843
514306363636363,1,0.537272,4.606483,5.669129
514306380711574,4,0.002136,-0.001093,0.000647
514306382575757,1,0.746081,4.871716,6.103117
514306391909547,2,-20.383781,-5.887621,-35.415445
514306399686907,4,-0.001213,0.003802,-0.000442
514306401515151,1,0.882793,5.163685,6.592234
514306418662239,4,-0.002216,0.000190,0.001074
514306420454545,1,0.982482,5.573237,7.098104
514306437637571,4,-0.000053,-0.001627,0.002075
514306439393939,1,1.035538,6.021936,7.567791
514306442160804,2,-20.730199,-6.225018,-35.436496
514306456612903,4,0.002518,-0.003296,-0.001754
514306458333333,1,1.062653,6.553634,8.048033
514306475588235,4,-0.000319,-0.001062,0.001052
514306477272727,1,1.042403,7.088070,8.413310
514306492412060,2,-20.766701,-6.275960,-35.441089
514306494563567,4,0.003679,-0.000762,0.003153
514306496212121,1,0.958810,7.588905,8.753580
514306513538899,4,-0.002937,0.000912,-0.001189
514306515151515,1,0.830192,8.103221,9.011698
514306532514231,4,0.000955,-0.003514,-0.002571
514306534090909,1,0.662969,8.550605,9.150948
514306542663316,2,-21.031921,-6.298508,-35.259657
514306551489563,4,0.000951,-0.001260,-0.000646
514306553030303,1,0.479937,8.900513,9.236412
514306570464895,4,0.003673,0.000275,0.001803
514306571969696,1,0.270324,9.191089,9.175017
514306589440227,4,-0.001519,-0.002682,-0.000161
514306590909090,1,0.037125,9.363828,8.992051
514306592914572,2,-21.313468,-6.489845,-35.029474
514306608415559,4,-0.002981,-0.001397,0.000476
514306609848484,1,-0.151925,9.426651,8.771043
514306627390891,4,-0.000223,0.000669,0.001201
514306628787878,1,-0.361615,9.386288,8.428113
514306643165829,2,-21.292164,-6.606239,-34.842831
514306646366223,4,-0.002391,-0.001884,-0.004357
514306647727272,1,-0.551227,9.258031,8.004478
514306665341555,4,-0.000741,0.001474,0.002983
514306666666666,1,-0.695544,8.981927,7.545651
514306684316888,4,0.000381,0.002746,0.000768
514306685606060,1,-0.797206,8.650052,7.033298
514306693417085,2,-21.528693,-6.340470,-34.649432
514306703292220,4,0.000215,-0.001223,-0.004770
514306704545454,1,-0.859316,8.248489,6.523131
514306722267552,4,0.002446,-0.000106,0.002777
514306723484848,1,-0.879939,7.798920,6.022168
514306741242884,4,-0.001899,0.004858,-0.000498
514306742424242,1,-0.881028,7.265055,5.554712
514306743668341,2,-21.581248,-6.777361,-34.752759
514306760218216,4,-0.001384,-0.000429,0.000341
514306761363636,1,-0.801926,6.750363,5.181774
514306779193548,4,-0.000140,-0.001031,-0.003607
514306780303030,1,-0.666840,6.266902,4.831643
514306793919597,2,-21.362523,-6.471793,-35.036696
514306798168880,4,-0.001609,0.002149,-0.001759
514306799242424,1,-0.539630,5.824894,4.572195
514306817144212,4,-0.003434,-0.002111,-0.000177
514306818181818,1,-0.327279,5.382662,4.456520
514306836119544,4,-0.001518,-0.000560,-0.001597
514306837121212,1,-0.112988,5.052823,4.434550
514306844170854,2,-21.317502,-6.528578,-34.970543
514306855094876,4,0.002019,0.000982,0.004436
514306856060606,1,0.095724,4.834367,4.522640
514306874070208,4,-0.000763,-0.000570,0.002367
514306874999999,1,0.310202,4.677100,4.737694
514306893045540,4,0.000782,-0.001883,0.001113
514306893939393,1,0.490349,4.659352,5.008429
514306894422110,2,-21.336481,-6.382104,-35.314189
514306912020872,4,0.000793,-0.003588,-0.001303
514306912878787,1,0.701783,4.722563,5.390582
514306930996204,4,0.000381,0.002893,0.001396
514306931818181,1,0.839544,4.880329,5.813535
514306944673366,2,-21.045541,-6.249569,-35.181944
514306949971537,4,-0.001128,-0.001416,0.001595
514306950757575,1,0.963145,5.153292,6.334513
514306968946869,4,-0.004853,-0.001615,0.002819
514306969696969,1,1.045560,5.476459,6.843646
514306987922201,4,0.000594,-0.001517,-0.002404
514306988636363,1,1.059912,5.896128,7.366802
514306994924623,2,-20.678736,-5.977078,-35.624229
514307006897533,4,0.001679,0.000156,-0.000437
514307007575757,1,1.046105,6.390169,7.871326
514307025872865,4,0.000748,0.000329,0.000176
514307026515151,1,0.962629,6.853035,8.349368
514307044848197,4,-0.002648,-0.002053,0.001497
514307045175879,2,-20.373097,-6.044406,-35.631109
514307045454545,1,0.875614,7.349353,8.726285
514307063823529,4,0.001118,0.000764,-0.001173
514307064393939,1,0.690411,7.823247,9.071750
514307082798861,4,0.001530,-0.000741,0.002603
514307083333333,1,0.537452,8.235976,9.281403
514307095427135,2,-20.330783,-5.866322,-35.622981
514307101774193,4,-0.001494,-0.001051,-0.000303
514307102272727,1,0.288063,8.607133,9.381930
514307120749525,4,0.001695,-0.000070,0.000075
514307121212121,1,0.064704,8.896407,9.426797
514307139724857,4,-0.000783,0.000536,-0.000141
514307140151515,1,-0.175056,9.115553,9.282105
514307145678391,2,-20.126300,-5.820115,-35.814946
514307158700189,4,-0.001569,0.000255,0.000302
514307159090909,1,-0.377381,9.202596,9.088088
514307177675521,4,0.004700,-0.001222,-0.001679
514307178030303,1,-0.632321,9.198334,8.775360
514307195929648,2,-20.111621,-5.481799,-35.937260
514307196650853,4,0.000558,-0.001986,-0.002146
514307196969696,1,-0.827870,9.055038,8.381591
514307215626185,4,-0.002874,-0.001549,-0.001500
514307215909090,1,-0.993976,8.858041,7.932719
514307234601518,4,-0.002567,-0.000501,-0.004732
514307234848484,1,-1.141593,8.542880,7.460985
514307246180904,2,-20.098058,-5.734582,-36.048114
514307253576850,4,0.000984,-0.001114,-0.000820
514307253787878,1,-1.223231,8.166150,6.953806
514307272552182,4,0.001174,0.000743,-0.001260
514307272727272,1,-1.248229,7.679945,6.446336
514307291527514,4,0.000904,0.003098,-0.002024
514307291666666,1,-1.245663,7.194204,5.942750
514307296432160,2,-20.216586,-5.681679,-35.677772
514307310502846,4,0.001508,-0.002226,0.002351
514307310606060,1,-1.169352,6.711170,5.537728
514307329478178,4,-0.001424,-0.001500,0.002298
514307329545454,1,-1.051536,6.186625,5.178244
514307346683417,2,-19.962273,-5.418946,-36.025001
514307348453510,4,0.001443,-0.001358,0.000255
514307348484848,1,-0.931366,5.716083,4.897132
514307367424242,1,-0.736218,5.292055,4.728494
514307367428842,4,-0.001420,-0.003185,0.000379
514307386363636,1,-0.499088,4.964481,4.680120
514307386404174,4,-0.000713,-0.001892,0.002609
514307396934673,2,-20.465109,-5.634400,-35.533129
514307405303030,1,-0.274234,4.696245,4.701055
514307405379506,4,-0.001824,0.000288,0.002160
514307424242424,1,-0.059684,4.518050,4.842061
514307424354838,4,-0.000512,-0.001468,0.000595
514307443181818,1,0.165793,4.462883,5.067059
514307443330170,4,0.000911,0.001753,0.003742
514307447185929,2,-20.398625,-5.769682,-35.943501
514307462121212,1,0.405151,4.502631,5.412610
514307462305502,4,-0.000915,0.000392,-0.002538
514307481060606,1,0.610134,4.674664,5.792648
514307481280834,4,0.001333,0.000367,-0.000357
514307497437185,2,-20.507225,-5.930913,-35.894817
514307499999999,1,0.768274,4.950719,6.256775
514307500256166,4,-0.001236,-0.000697,0.000473
514307518939393,1,0.926818,5.301847,6.743613
514307519231499,4,-0.001932,-0.000614,0.000033
514307537878787,1,1.018836,5.724356,7.242329
514307538206831,4,-0.003079,-0.002103,-0.001320
514307547688442,2,-20.869882,-6.221267,-35.676228
514307556818181,1,1.057296,6.248430,7.701718
514307557182163,4,0.003136,-0.001661,-0.000112
514307575757575,1,1.056996,6.732620,8.141060
514307576157495,4,-0.002081,-0.001553,-0.002882
514307594696969,1,1.020659,7.259166,8.514374
514307595132827,4,0.001341,-0.002651,0.001814
514307597939698,2,-21.026441,-6.122262,-35.389426
514307613636363,1,0.925337,7.770178,8.853103
514307614108159,4,0.000936,-0.000151,0.001880
514307632575757,1,0.789345,8.249397,9.072551
514307633083491,4,0.006206,0.000955,-0.002240
514307648190954,2,-20.933305,-6.389297,-35.109210
514307651515151,1,0.640945,8.644955,9.184952
514307652058823,4,0.002978,0.000372,0.004222
514307670454545,1,0.402691,9.031713,9.210650
514307671034155,4,-0.001012,0.002564,-0.000000
514307689393939,1,0.206991,9.251366,9.136984
514307690009487,4,0.005313,-0.000563,0.006003
514307698442211,2,-21.188755,-6.221250,-35.149111
514307708333333,1,-0.013453,9.403488,8.953461
514307708984819,4,0.000880,0.001694,0.003401
514307727272727,1,-0.220468,9.425586,8.655171
514307727960151,4,-0.001576,0.001938,-0.000586
514307746212121,1,-0.393772,9.364677,8.284377
514307746935483,4,0.000302,0.000166,0.001145
514307748693467,2,-21.312910,-6.680012,-34.696694
514307765151515,1,-0.611180,9.183616,7.858221
514307765910815,4,0.001060,-0.001150,0.000250
514307784090909,1,-0.729333,8.895666,7.400440
514307784886148,4,-0.004669,0.001980,0.003388
514307798944723,2,-21.600701,-6.529894,-34.671662
514307803030303,1,-0.820761,8.544094,6.861072
514307803861480,4,0.000381,-0.003212,0.001486
514307821969696,1,-0.885296,8.104212,6.350494
514307822836812,4,-0.001528,0.000365,0.001371
514307840909090,1,-0.889160,7.622009,5.858825
514307841812144,4,0.001093,0.002162,0.000293
514307849195979,2,-21.634587,-6.506031,-35.046647
514307859848484,1,-0.842656,7.111608,5.432805
514307860787476,4,0.000347,0.001474,-0.000143
514307878787878,1,-0.763428,6.578215,5.037426
514307879762808,4,-0.001376,0.000904,-0.002258
514307897727272,1,-0.620568,6.125720,4.734136
514307898738140,4,-0.000162,-0.002756,-0.001110
514307899447236,2,-21.060352,-6.844586,-35.159742
514307916666666,1,-0.452979,5.682034,4.548108
514307917713472,4,-0.001027,-0.001968,0.002201
514307935606060,1,-0.276205,5.276737,4.446032
514307936688804,4,0.002036,0.002628,-0.000376
514307949698492,2,-21.479735,-6.650611,-34.927683
514307954545454,1,-0.037024,4.980926,4.450611
514307955664136,4,-0.000867,0.001607,0.000257
514307973484848,1,0.144308,4.764877,4.565844
514307974639468,4,0.000247,-0.005088,0.001513
514307992424242,1,0.374749,4.641399,4.797327
514307993614800,4,0.001248,-0.000011,0.001632
514307999949748,2,-20.897996,-6.207423,-35.077248
514308011363636,1,0.561912,4.667457,5.112953
514308012590132,4,0.001203,-0.001393,-0.000440
514308030303030,1,0.742864,4.762180,5.520717
514308031565464,4,-0.002016,0.002924,0.001954
514308049242424,1,0.921230,4.973469,5.992180
514308050201005,2,-20.988165,-6.341395,-35.183924
514308050540796,4,-0.001628,0.001238,0.000557
514308068181818,1,1.000901,5.228759,6.514559
514308069516129,4,-0.001372,0.000249,0.001717
514308087121212,1,1.061369,5.628288,7.033480
514308088491461,4,0.001880,0.004664,0.000189
514308100452261,2,-20.821411,-6.078980,-35.496770
514308106060606,1,1.074291,6.056433,7.553476
514308107466793,4,-0.000476,0.001124,-0.000366
514308124999999,1,1.040624,6.539249,8.039817
514308126442125,4,-0.001170,-0.001852,-0.006855
514308143939393,1,0.946157,7.040982,8.495590
514308145417457,4,0.001470,-0.003276,-0.001760
514308150703517,2,-20.765378,-5.959440,-35.529260
514308162878787,1,0.799269,7.517578,8.864385
514308164392789,4,0.000585,-0.000643,0.004299
514308181818181,1,0.659380,7.970078,9.139950
514308183368121,4,-0.003018,0.004477,0.002761
514308200757575,1,0.429916,8.372156,9.344330
514308200954773,2,-20.480626,-5.944501,-35.579740
514308202343453,4,0.001818,0.002879,0.000809
514308219696969,1,0.226911,8.722577,9.422772
514308221318785,4,-0.003407,0.001030,-0.002961
514308238636363,1,0.002599,8.974558,9.387883
514308240294117,4,-0.001057,-0.000156,-0.001822
514308251206030,2,-20.156358,-5.435041,-35.569362
514308257575757,1,-0.268558,9.152482,9.234708
514308259269449,4,0.001892,-0.000428,0.000819
514308276515151,1,-0.466054,9.211089,8.982766
514308278244781,4,-0.000019,0.000252,-0.001774
514308295454545,1,-0.696234,9.191108,8.651447
514308297220113,4,-0.002348,-0.000308,-0.001932
514308301457286,2,-20.278431,-5.661376,-36.064989
514308314393939,1,-0.875606,8.981205,8.230775
514308316195445,4,0.002787,-0.002753,0.004674
514308333333333,1,-1.031247,8.733704,7.782224
514308335170777,4,0.000604,0.000139,-0.001081
514308351708542,2,-20.302206,-5.255031,-35.686627
514308352272727,1,-1.160545,8.400389,7.268136
514308354146110,4,0.001314,-0.000409,0.000601
514308371212121,1,-1.202754,8.003874,6.756617
514308373121442,4,0.001684,0.001339,0.002480
514308390151515,1,-1.232990,7.542963,6.266494
514308392096774,4,0.001076,-0.001903,-0.004160
514308401959798,2,-20.106348,-5.388316,-35.709445
514308409090909,1,-1.203075,7.045558,5.820429
514308411072106,4,0.000422,0.000451,0.003852
514308428030303,1,-1.147200,6.510042,5.385648
514308430047438,4,-0.000232,0.000749,0.001554
514308446969696,1,-1.026916,6.024205,5.073165
514308449022770,4,0.001027,0.001688,-0.001636
514308452211055,2,-20.345361,-5.477247,-35.961936
514308465909090,1,-0.859995,5.590512,4.832805
514308467998102,4,-0.001953,-0.000561,-0.004348
514308484848484,1,-0.667553,5.147043,4.724092
514308486973434,4,-0.000079,-0.001319,0.000644
514308502462311,2,-20.101122,-5.220767,-35.582975
514308503787878,1,-0.465578,4.836339,4.672292
514308505948766,4,-0.000530,-0.002031,0.002622
514308522727272,1,-0.214127,4.632656,4.746298
514308524924098,4,0.000165,0.001726,0.000367
514308541666666,1,0.020288,4.496855,4.928540
514308543899430,4,0.000928,-0.002722,0.002556
514308552713567,2,-20.326187,-5.558898,-36.009194
514308560606060,1,0.247165,4.476942,5.183510
514308562874762,4,0.001757,-0.000038,0.000576
514308579545454,1,0.473146,4.559188,5.534902
514308581850094,4,0.002005,-0.000744,-0.003166
514308598484848,1,0.664549,4.768647,5.939541
514308600825426,4,-0.000707,0.000305,-0.000065
514308602964824,2,-20.414147,-5.818006,-35.490045
514308617424242,1,0.820095,5.062842,6.421029
514308619800759,4,0.002635,-0.001920,-0.001667
514308636363636,1,0.968523,5.442250,6.893952
514308638776091,4,-0.002116,0.000857,-0.003052
514308653216080,2,-20.767683,-5.980357,-35.326977
514308655303030,1,1.036653,5.895666,7.402241
514308657751423,4,0.001488,-0.001866,-0.001546
514308674242424,1,1.061800,6.384998,7.860959
514308676726755,4,0.003540,0.002465,0.000238
514308693181818,1,1.034215,6.894961,8.297714
514308695702087,4,-0.002622,0.004029,-0.000393
514308703467336,2,-21.244037,-6.230118,-35.445831
514308712121212,1,0.974715,7.445151,8.648642
514308714677419,4,0.000495,0.001824,-0.003926
514308731060606,1,0.860220,7.936844,8.964187
514308733652751,4,-0.001280,-0.000136,0.000261
514308749999999,1,0.726862,8.408067,9.131599
514308752628083,4,-0.002607,0.000653,0.000067
514308753718592,2,-20.986623,-6.113844,-35.264284
514308768939393,1,0.531720,8.810781,9.215280
514308771603415,4,0.003335,0.002001,-0.000539
514308787878787,1,0.330796,9.097287,9.198137
514308790578747,4,-0.000392,0.002029,0.000567
514308803969849,2,-21.411028,-6.422125,-35.226308
514308806818181,1,0.140742,9.308573,9.108421
514308809554079,4,-0.002742,0.004188,-0.001980
514308825757575,1,-0.096440,9.431428,8.828800
514308828529411,4,0.004958,0.000856,-0.001271
514308844696969,1,-0.295128,9.425489,8.523441
514308847504743,4,-0.004734,0.001554,-0.003101
514308854221105,2,-21.402718,-6.579896,-34.875897
514308863636363,1,-0.465358,9.313609,8.140230
514308866480075,4,0.000715,0.003867,-0.002275
514308882575757,1,-0.639873,9.084545,7.706471
514308885455407,4,0.001476,-0.001623,0.002266
514308901515151,1,-0.758322,8.785700,7.206713
514308904430740,4,0.000132,-0.000038,0.002415
514308904472361,2,-21.392862,-6.559748,-34.663540
514308920454545,1,-0.871520,8.409191,6.688759
514308923406072,4,0.001251,-0.001609,0.003574
514308939393939,1,-0.878407,7.949802,6.198365
514308942381404,4,-0.003072,0.000551,-0.001646
514308954723618,2,-21.416278,-6.659206,-34.940774
514308958333333,1,-0.891996,7.438527,5.738162
514308961356736,4,-0.002974,-0.002268,-0.000098
514308977272727,1,-0.838730,6.927144,5.287020
514308980332068,4,0.000699,0.002118,0.002952
514308996212121,1,-0.716304,6.429668,4.939168
514308999307400,4,0.000555,-0.000886,0.002078
514309004974874,2,-21.531999,-6.719524,-35.134699
514309015151515,1,-0.562754,5.959615,4.660275
514309018282732,4,-0.001229,-0.003191,0.001878
514309034090909,1,-0.398040,5.526791,4.473931
514309037258064,4,0.002648,-0.001644,0.003922
514309053030303,1,-0.194481,5.183180,4.430560
514309055226130,2,-21.154679,-6.604910,-34.948475
514309056233396,4,0.001166,0.000868,-0.001033
514309071969696,1,-0.011547,4.892552,4.491993
514309075208728,4,0.002035,-0.003049,-0.000680
514309090909090,1,0.215637,4.729401,4.633419
514309094184060,4,-0.001466,-0.002618,0.001726
514309105477386,2,-21.230820,-6.398270,-34.926070
514309109848484,1,0.442798,4.638299,4.885020
514309113159392,4,0.000682,0.001609,-0.000557
514309128787878,1,0.652910,4.688549,5.257129
514309132134724,4,0.001970,0.000154,-0.000944
514309147727272,1,0.812363,4.821841,5.686753
514309151110056,4,-0.001278,-0.003966,0.002329
514309155728643,2,-20.984236,-6.404157,-35.311887
514309166666666,1,0.924173,5.067542,6.173136
514309170085388,4,0.002102,0.005855,-0.000669
514309185606060,1,1.025809,5.369802,6.659777
514309189060721,4,-0.001334,-0.003403,0.001920
514309204545454,1,1.066989,5.787733,7.188536
514309205979899,2,-20.683837,-6.051079,-35.231108
514309208036053,4,0.001460,0.003104,-0.001833
514309223484848,1,1.070990,6.209821,7.713207
514309227011385,4,0.001433,-0.001044,0.002687
514309242424242,1,0.990594,6.687382,8.205054
514309245986717,4,0.001072,-0.003111,-0.000262
514309256231155,2,-20.643411,-6.188372,-35.438064
514309261363636,1,0.913375,7.190895,8.613167
514309264962049,4,-0.003896,-0.002327,-0.002206
514309280303030,1,0.747993,7.668415,8.960121
514309283937381,4,-0.001282,-0.000525,0.000329
514309299242424,1,0.584662,8.109136,9.214260
514309302912713,4,0.000229,-0.000048,0.000665
514309306482412,2,-20.373793,-5.801684,-35.856752
514309318181818,1,0.376380,8.507515,9.382582
514309321888045,4,-0.002500,0.000146,0.002869
514309337121212,1,0.143134,8.826849,9.429971
514309340863377,4,-0.000332,0.000989,0.000803
514309356060606,1,-0.083156,9.063045,9.330279
514309356733668,2,-20.337339,-5.868528,-35.705348
514309359838709,4,0.001725,0.000574,0.001691
514309374999999,1,-0.335637,9.176725,9.159192
514309378814041,4,0.001015,0.001315,0.000884
514309393939393,1,-0.540801,9.193790,8.882223
514309397789373,4,-0.002014,-0.002342,-0.000706
514309406984924,2,-20.045786,-5.646927,-35.707485
514309412878787,1,-0.747484,9.121774,8.521134
514309416764705,4,0.003103,-0.000343,0.000619
514309431818181,1,-0.935588,8.918348,8.077074
514309435740037,4,-0.003935,0.000387,0.000172
514309450757575,1,-1.099410,8.651223,7.623029
514309454715370,4,-0.005347,0.000582,-0.003302
514309457236180,2,-19.808009,-5.534894,-35.804513
514309469696969,1,-1.170935,8.296089,7.124568
514309473690702,4,-0.001451,0.001989,0.000315
514309488636363,1,-1.231842,7.848463,6.617185
514309492666034,4,-0.000897,-0.001068,-0.000836
514309507487437,2,-20.091736,-5.682731,-35.767648
514309507575757,1,-1.246890,7.354875,6.108345
514309511641366,4,0.000322,-0.002401,0.002249
514309526515151,1,-1.200088,6.864222,5.658006
514309530616698,4,-0.002295,-0.003454,0.001982
514309545454545,1,-1.099400,6.349492,5.301785
514309549592030,4,-0.000874,0.000141,0.001309
514309557738693,2,-20.180581,-5.495033,-35.635513
514309564393939,1,-0.984273,5.868805,4.982103
514309568567362,4,-0.001439,0.000274,0.001296
514309583333333,1,-0.795778,5.439777,4.782042
514309587542694,4,0.003286,-0.001022,-0.000926
514309602272727,1,-0.598429,5.059766,4.684393
514309606518026,4,0.001127,0.000417,-0.000274
514309607989949,2,-20.046785,-5.675180,-36.031035
514309621212121,1,-0.370236,4.761298,4.684463
514309625493358,4,0.003185,-0.003365,-0.002843
514309640151515,1,-0.157487,4.553965,4.790015
514309644468690,4,-0.003342,0.002403,0.001029
514309658241206,2,-20.264017,-5.608290,-35.760215
514309659090909,1,0.096709,4.462196,4.999667
514309663444022,4,-0.002741,-0.000246,-0.000055
514309678030303,1,0.335054,4.489430,5.286105
514309682419354,4,-0.004418,0.000377,-0.002355
514309696969696,1,0.525597,4.621990,5.663711
514309701394686,4,0.001413,-0.002294,0.000438
514309708492462,2,-20.314921,-5.827530,-35.567042
514309715909090,1,0.718349,4.834929,6.122338
514309720370018,4,0.002589,0.001949,0.001014
514309734848484,1,0.881304,5.177891,6.591296
514309739345351,4,-0.000163,-0.003000,-0.000878
514309753787878,1,0.987691,5.593923,7.059723
514309758320683,4,-0.000452,-0.000596,-0.003067
514309758743718,2,-20.716088,-6.240011,-35.535188
514309772727272,1,1.038783,6.037680,7.564033
514309777296015,4,0.000869,-0.002362,0.003092
514309791666666,1,1.073142,6.555715,8.012464
514309796271347,4,0.000296,0.001959,0.001917
514309808994974,2,-20.938258,-6.080400,-35.328593
514309810606060,1,1.048857,7.080439,8.425351
514309815246679,4,0.004156,0.000364,-0.000780
514309829545454,1,0.945232,7.622850,8.767314
514309834222011,4,-0.000742,0.002992,-0.002640
514309848484848,1,0.813850,8.097529,8.988459
514309853197343,4,-0.001756,0.000474,-0.000306
514309859246231,2,-20.903479,-6.263722,-35.262753
514309867424242,1,0.682093,8.564125,9.144603
514309872172675,4,0.001935,-0.002677,-0.000134
514309886363636,1,0.466147,8.908736,9.224049
514309891148007,4,-0.000374,-0.002144,0.001757
514309905303030,1,0.270901,9.164985,9.174902
514309909497487,2,-21.353795,-6.518215,-35.041202
514309910123339,4,-0.000184,-0.000268,-0.001649
514309924242424,1,0.069796,9.398780,9.028652
514309929098671,4,-0.000740,-0.002043,0.001728
514309943181818,1,-0.171725,9.435273,8.763908
514309948074003,4,0.002066,0.003360,0.000868
514309959748743,2,-21.413544,-6.683221,-34.820263
514309962121212,1,-0.367705,9.404889,8.422156
514309967049335,4,-0.000678,-0.000938,0.000981
514309981060606,1,-0.525916,9.256922,8.002289
514309986024667,4,0.000402,-0.000348,-0.000524
514309999999999,1,-0.698814,8.982442,7.533379
514310004999999,4,0.002342,-0.000864,0.002693
514310010000000,2,-21.412008,-6.538749,-35.036462
514310018939393,1,-0.808058,8.655629,7.043824
514310023975332,4,0.000364,-0.000736,-0.001571
514310037878787,1,-0.854962,8.232321,6.517745
514310042950664,4,-0.000309,0.001007,-0.000754
514310056818181,1,-0.897522,7.784252,5.996408
514310060251256,2,-21.613911,-6.621574,-35.200020
514310061925996,4,0.001701,-0.000854,-0.000250
514310075757575,1,-0.882509,7.279276,5.572437
514310080901328,4,-0.002573,0.001119,-0.000534
514310094696969,1,-0.789803,6.778611,5.161968
514310099876660,4,0.003158,0.001410,0.000169
514310110502512,2,-21.307469,-6.677686,-34.961099
514310113636363,1,-0.657862,6.291018,4.822908
514310118851992,4,0.002450,0.000810,0.002017
514310132575757,1,-0.507590,5.817103,4.625646
514310137827324,4,-0.001725,0.000922,0.001005
514310151515151,1,-0.342974,5.403322,4.449101
514310156802656,4,-0.003089,0.003013,-0.002321
514310160753768,2,-21.273507,-6.540391,-35.161586
514310170454545,1,-0.139576,5.077057,4.438801
514310175777988,4,-0.002598,-0.005697,0.000948
514310189393939,1,0.094688,4.835034,4.518970
514310194753320,4,-0.003286,-0.001034,0.001676
514310208333333,1,0.301342,4.672780,4.706087
514310211005025,2,-20.977428,-6.636658,-35.421737
514310213728652,4,0.000384,-0.001247,-0.003181
514310227272727,1,0.508995,4.647772,5.014685
514310232703984,4,-0.000215,0.001711,0.001402
514310246212121,1,0.701684,4.731714,5.372243
514310251679316,4,0.003574,-0.001307,-0.002634
514310261256281,2,-20.900393,-6.499811,-35.024212
514310265151515,1,0.846485,4.873141,5.846281
514310270654648,4,0.000620,0.000423,-0.000010
514310284090909,1,0.960697,5.163282,6.344661
514310289629981,4,-0.001493,-0.005307,-0.002013
514310303030303,1,1.045824,5.501036,6.850856
514310308605313,4,0.001114,0.000568,0.001931
514310311507537,2,-20.778942,-6.097239,-35.438690
514310321969696,1,1.064054,5.906602,7.375064
514310327580645,4,0.000690,0.001472,0.001529
514310340909090,1,1.067982,6.360701,7.885218
514310346555977,4,0.000041,0.000055,-0.005818
514310359848484,1,0.984711,6.856816,8.350312
514310361758793,2,-20.754093,-6.051222,-35.629825
514310365531309,4,-0.001313,-0.001227,-0.000218
514310378787878,1,0.842874,7.366292,8.757209
514310384506641,4,-0.001861,0.001875,-0.001763
514310397727272,1,0.704027,7.810429,9.069322
514310403481973,4,0.002205,-0.001922,-0.001208
514310412010050,2,-20.251361,-5.969204,-35.559283
514310416666666,1,0.501885,8.238109,9.279082
514310422457305,4,-0.001360,-0.000992,0.002357
514310435606060,1,0.318638,8.625604,9.385966
514310441432637,4,-0.000654,-0.000603,-0.001484
514310454545454,1,0.048530,8.907493,9.400068
514310460407969,4,-0.000520,0.000433,-0.000430
514310462261306,2,-20.107728,-5.871552,-35.697163
514310473484848,1,-0.170413,9.125376,9.288437
514310479383301,4,-0.000301,0.002032,0.000547
514310492424242,1,-0.431565,9.193642,9.083501
514310498358633,4,-0.002302,-0.000171,-0.001077
514310511363636,1,-0.620586,9.184496,8.767234
514310512512562,2,-20.257075,-5.674516,-35.913334
514310517333965,4,0.001042,0.000206,0.002261
514310530303030,1,-0.847318,9.069026,8.380378
514310536309297,4,-0.001480,-0.000385,-0.002128
514310549242424,1,-0.987107,8.853508,7.950399
514310555284629,4,-0.000084,-0.003073,0.000643
514310562763819,2,-20.141950,-5.568162,-36.083313
514310568181818,1,-1.130001,8.519598,7.438579
514310574259962,4,-0.000111,0.000310,0.001576
514310587121212,1,-1.212066,8.134588,6.954385
514310593235294,4,0.000450,-0.002554,-0.001112
514310606060606,1,-1.238877,7.717020,6.433664
514310612210626,4,-0.000160,-0.000656,-0.000412
514310613015075,2,-19.870491,-5.735733,-36.109587
514310625000000,1,-1.243290,7.192526,5.970825
514310631185958,4,0.003243,0.000201,0.000765
514310643939393,1,-1.183029,6.700283,5.528948
514310650161290,4,-0.004018,0.001492,0.005704
514310662878787,1,-1.074910,6.207484,5.170014
514310663266331,2,-20.079995,-5.650692,-35.844876
514310669136622,4,0.002691,-0.000880,0.004562
514310681818181,1,-0.926579,5.716299,4.899984
514310688111954,4,0.000055,0.000613,-0.000535
514310700757575,1,-0.707715,5.307527,4.725179
514310707087286,4,-0.000587,-0.004496,0.001575
514310713517587,2,-20.118904,-5.898349,-35.690796
514310719696969,1,-0.530082,4.919037,4.664775
514310726062618,4,-0.000594,-0.000376,0.000547
514310738636363,1,-0.304740,4.680270,4.677728
514310745037950,4,-0.000829,0.000528,0.002406
514310757575757,1,-0.058506,4.535609,4.845239
514310763768844,2,-20.312117,-5.711265,-35.415219
514310764013282,4,0.000810,-0.000307,-0.000247
514310776515151,1,0.168978,4.459078,5.085082
514310782988614,4,0.000401,-0.001664,0.000416
514310795454545,1,0.429801,4.510574,5.399143
514310801963946,4,0.001369,0.000175,-0.000848
514310814020100,2,-20.253899,-5.836068,-35.831339
514310814393939,1,0.608097,4.681244,5.819082
514310820939278,4,-0.000574,0.001304,-0.002200
514310833333333,1,0.791600,4.968687,6.256317
514310839914611,4,-0.001633,-0.003214,0.000068
514310852272727,1,0.911850,5.279481,6.753927
514310858889943,4,0.001724,0.002663,0.003097
514310864271356,2,-20.849232,-5.831323,-35.547669
514310871212121,1,1.004016,5.743156,7.231625
514310877865275,4,-0.001381,0.000500,-0.000805
514310890151515,1,1.083042,6.200792,7.727600
514310896840607,4,0.003295,0.002607,0.000336
514310909090909,1,1.072129,6.742741,8.143875
514310914522613,2,-20.876119,-6.322488,-35.275480
514310915815939,4,-0.001239,-0.006896,-0.002867
514310928030303,1,1.018323,7.265833,8.520968
514310934791271,4,-0.003705,-0.002892,0.003758
514310946969696,1,0.935694,7.773665,8.872137
514310953766603,4,-0.002590,-0.002122,-0.001841
514310964773869,2,-20.874416,-6.062581,-35.269135
514310965909090,1,0.780411,8.265561,9.066712
514310972741935,4,0.005197,-0.000125,0.001988
514310984848484,1,0.613942,8.672528,9.196501
514310991717267,4,0.000351,-0.003969,0.003065
514311003787878,1,0.405365,8.973443,9.208236
514311010692599,4,0.000802,-0.000243,0.003520
514311015025125,2,-21.118181,-6.429637,-34.945610
514311022727272,1,0.212515,9.240312,9.115488
514311029667931,4,-0.000693,-0.000289,-0.000690
514311041666666,1,-0.030519,9.402958,8.927293
514311048643263,4,0.002153,0.001628,0.000557
514311060606060,1,-0.211107,9.443222,8.653828
514311065276381,2,-21.346485,-6.636570,-34.782051
514311067618595,4,-0.002104,-0.000740,-0.002104
514311079545454,1,-0.419149,9.348742,8.273402
514311086593927,4,0.002321,-0.003149,0.003189
514311098484848,1,-0.586201,9.185884,7.856181
514311105569259,4,0.002575,-0.001837,-0.000833
514311115527638,2,-21.414111,-6.628167,-34.890911
514311117424242,1,-0.738733,8.889601,7.355268
514311124544592,4,-0.001425,0.000860,0.002825
514311136363636,1,-0.821807,8.505677,6.833818
514311143519924,4,0.002371,-0.000866,0.002510
514311155303030,1,-0.907775,8.070914,6.368370
514311162495256,4,0.002344,-0.000378,-0.000019
514311165778894,2,-21.568405,-6.535131,-34.925052
514311174242424,1,-0.879113,7.602068,5.863707
514311181470588,4,0.003083,0.002117,0.002450
514311193181818,1,-0.827711,7.116649,5.446573
514311200445920,4,0.005171,0.001095,0.000651
514311212121212,1,-0.757463,6.594353,5.028180
514311216030150,2,-21.550080,-6.220402,-35.067183
514311219421252,4,0.002716,0.003976,-0.001223
514311231060606,1,-0.625051,6.125383,4.743640
514311238396584,4,-0.000404,-0.002037,0.000685
514311250000000,1,-0.463782,5.683490,4.545439
514311257371916,4,0.001779,-0.001898,0.002268
514311266281407,2,-21.296694,-6.507279,-35.131067
514311268939393,1,-0.268078,5.275737,4.437759
514311276347248,4,-0.000907,-0.001070,0.002260
514311287878787,1,-0.050855,4.971391,4.437791
514311295322580,4,-0.001250,-0.002807,0.001487
514311306818181,1,0.154982,4.768658,4.590786
514311314297912,4,-0.000263,0.002396,0.001666
514311316532663,2,-21.270860,-6.620716,-34.763719
514311325757575,1,0.360503,4.662274,4.797939
514311333273244,4,-0.003497,0.002631,0.003799
514311344696969,1,0.571284,4.674646,5.124238
514311352248576,4,0.002067,0.002148,-0.000495
514311363636363,1,0.738770,4.769460,5.535945
514311366783919,2,-21.092321,-6.323268,-34.905399
514311371223908,4,-0.000953,0.000425,0.001840
514311382575757,1,0.880903,4.947987,5.996900
514311390199240,4,0.001789,-0.000876,-0.001078
514311401515151,1,0.996088,5.251377,6.512454
514311409174573,4,-0.002980,0.001294,-0.000780
514311417035175,2,-20.981605,-5.961617,-35.248369
514311420454545,1,1.048118,5.634224,7.040786
514311428149905,4,-0.000602,0.003456,0.001197
514311439393939,1,1.061967,6.039480,7.544077
514311447125237,4,0.000646,0.001660,0.002841
514311458333333,1,1.030311,6.545827,8.036594
514311466100569,4,-0.003235,-0.001131,-0.000464
514311467286432,2,-20.949869,-6.066364,-35.416834
514311477272727,1,0.963274,7.008809,8.488152
514311485075901,4,-0.001957,-0.000530,-0.003102
514311496212121,1,0.810356,7.526702,8.841251
514311504051233,4,0.001844,-0.001035,0.000402
514311515151515,1,0.650518,7.966753,9.162731
514311517537688,2,-20.448267,-5.866539,-35.711823
514311523026565,4,0.000103,0.001115,-0.004922
514311534090909,1,0.436391,8.385475,9.319776
514311542001897,4,0.000901,-0.000550,0.000814
514311553030303,1,0.226793,8.719342,9.402602
514311560977229,4,-0.002359,0.000827,0.002597
514311567788944,2,-20.383121,-5.797579,-35.447511
514311571969696,1,-0.034326,8.988362,9.360484
514311579952561,4,0.000380,-0.001434,-0.001347
514311590909090,1,-0.262056,9.128304,9.217940
514311598927893,4,0.001152,0.001139,0.000713
514311609848484,1,-0.473846,9.211931,8.993666
514311617903225,4,-0.000075,0.000406,-0.000130
514311618040201,2,-20.271905,-5.729327,-35.831702
514311628787878,1,-0.706571,9.161366,8.643071
514311636878557,4,-0.000762,0.001515,0.000620
514311647727272,1,-0.871315,9.010571,8.232825
514311655853889,4,0.002581,0.002234,0.000555
514311666666666,1,-1.024985,8.759166,7.758988
514311668291457,2,-20.263842,-5.531492,-36.089942
514311674829222,4,0.001191,-0.001914,-0.000155
514311685606060,1,-1.171902,8.396623,7.296672
514311693804554,4,0.000685,-0.003165,0.000859
514311704545454,1,-1.233270,8.022387,6.754734
514311712779886,4,-0.001918,-0.001699,-0.001059
514311718542713,2,-20.173080,-5.743869,-36.165532
514311723484848,1,-1.256381,7.543565,6.282176
514311731755218,4,-0.000061,-0.002656,0.001713
514311742424242,1,-1.207915,7.041591,5.800593
514311750730550,4,0.000355,0.003850,0.000600
514311761363636,1,-1.129119,6.527071,5.401579
514311768793969,2,-19.845393,-5.512275,-35.764154
514311769705882,4,0.001142,-0.001708,-0.002364
514311780303030,1,-1.017915,6.041347,5.081304
514311788681214,4,0.001238,-0.002187,0.001284
514311799242424,1,-0.885323,5.580411,4.846655
514311807656546,4,0.003413,0.001892,0.001141
514311818181818,1,-0.671517,5.170255,4.698709
514311819045226,2,-19.994375,-5.671087,-35.851584
514311826631878,4,0.000539,-0.000768,-0.000229
514311837121212,1,-0.473541,4.840002,4.659587
514311845607210,4,-0.001131,-0.002631,0.000071
514311856060606,1,-0.218986,4.606627,4.745611
514311864582542,4,0.002216,-0.002578,0.002797
514311869296482,2,-20.100929,-5.489883,-35.946092
514311875000000,1,0.011554,4.495247,4.921993
514311883557874,4,0.002434,0.000794,0.000810
514311893939393,1,0.271412,4.486191,5.207062
514311902533206,4,-0.000372,0.000084,-0.000927
514311912878787,1,0.460161,4.561603,5.530857
514311919547738,2,-20.047871,-6.050580,-35.709087
514311921508538,4,0.000063,0.000280,0.003762
514311931818181,1,0.709128,4.764199,5.974884
514311940483870,4,0.001131,-0.000419,-0.000198
514311950757575,1,0.838059,5.023120,6.412501
514311959459203,4,-0.001427,-0.001097,0.001821
514311969696969,1,0.948398,5.433273,6.914272
514311969798994,2,-20.611960,-5.964856,-35.208709
514311978434535,4,-0.000988,-0.001235,-0.001185
514311988636363,1,1.041915,5.857723,7.396589
514311997409867,4,-0.001458,0.002254,0.000285
514312007575757,1,1.061589,6.404858,7.874787
514312016385199,4,-0.000565,0.000059,0.000435
514312020050251,2,-20.676499,-6.072638,-35.203139
514312026515151,1,1.047921,6.915198,8.272789
514312035360531,4,-0.001495,-0.002779,0.002677
514312045454545,1,0.993108,7.433498,8.646094
514312054335863,4,0.001976,0.000756,0.001838
514312064393939,1,0.891748,7.945022,8.931070
514312070301507,2,-20.973122,-6.377414,-35.144079
514312073311195,4,0.003829,-0.001071,-0.002240
514312083333333,1,0.720757,8.404707,9.133032
514312092286527,4,0.001323,-0.002934,0.000076
514312102272727,1,0.548936,8.778953,9.205588
514312111261859,4,-0.000597,0.001348,-0.000965
514312120552763,2,-21.187653,-6.529136,-34.900900
514312121212121,1,0.337542,9.101080,9.200116
514312130237191,4,0.002400,-0.001494,0.001412
514312140151515,1,0.129829,9.315372,9.099552
514312149212523,4,-0.001333,0.001097,-0.002029
514312159090909,1,-0.075003,9.438343,8.858059
514312168187855,4,-0.000048,0.002644,0.000230
514312170804020,2,-21.341728,-6.671786,-35.133713
514312178030303,1,-0.292775,9.426001,8.539585
514312187163187,4,0.002366,-0.000053,-0.001010
514312196969696,1,-0.473651,9.296694,8.152739
514312206138519,4,0.000344,0.001237,-0.003811
514312215909090,1,-0.642952,9.069979,7.692483
514312221055276,2,-21.342010,-6.413019,-34.850344
514312225113851,4,0.001045,-0.001880,-0.002377
514312234848484,1,-0.786180,8.774800,7.197463
514312244089184,4,0.001077,0.002677,0.000433
514312253787878,1,-0.871879,8.390943,6.690773
514312263064516,4,-0.002711,-0.001341,-0.000837
514312271306532,2,-21.384515,-6.718619,-34.882023
514312272727272,1,-0.881647,7.935359,6.189542
514312282039848,4,0.000392,-0.000144,0.000990
514312291666666,1,-0.880568,7.444554,5.691136
514312301015180,4,0.002000,0.000689,0.001796
514312310606060,1,-0.821837,6.949250,5.275297
514312319990512,4,-0.000539,0.006592,0.001106
514312321557788,2,-21.486126,-6.610530,-34.928510
514312329545454,1,-0.719457,6.435302,4.945004
514312338965844,4,0.001368,0.003515,0.000176
514312348484848,1,-0.573217,5.963290,4.663393
514312357941176,4,-0.001291,0.002613,0.002730
514312367424242,1,-0.403681,5.519146,4.490889
514312371809045,2,-21.460220,-6.411712,-35.119931
514312376916508,4,0.000307,0.003519,-0.000167
514312386363636,1,-0.193372,5.175466,4.450161
514312395891840,4,0.001865,0.003031,0.000197
514312405303030,1,0.026984,4.914300,4.456737
514312414867172,4,0.000914,0.002052,-0.000732
514312422060301,2,-21.431551,-6.549340,-34.928957
514312424242424,1,0.251848,4.724252,4.643671
514312433842504,4,-0.001628,0.002666,0.000614
514312443181818,1,0.453775,4.646785,4.885803
514312452817836,4,-0.001011,0.000188,0.001017
514312462121212,1,0.653068,4.669540,5.237563
514312471793168,4,-0.003139,0.001432,0.000817
514312472311557,2,-21.021475,-6.578077,-35.092844
514312481060606,1,0.798649,4.811176,5.675469
514312490768500,4,0.003310,-0.000438,0.002754
514312500000000,1,0.930961,5.067175,6.163187
514312509743833,4,-0.000089,0.000278,0.000562
514312518939393,1,1.010950,5.364612,6.669801
514312522562814,2,-20.887683,-6.234412,-35.357518
514312528719165,4,0.004187,-0.002479,0.000990
514312537878787,1,1.059634,5.761337,7.189245
514312547694497,4,0.000084,-0.000057,0.001166
514312556818181,1,1.062258,6.210011,7.706419
514312566669829,4,0.002212,0.001063,0.002470
514312572814070,2,-20.875873,-6.000715,-35.656458
514312575757575,1,1.010525,6.706586,8.194345
514312585645161,4,-0.000502,-0.000097,-0.002002
514312594696969,1,0.925499,7.214651,8.625140
514312604620493,4,0.003966,-0.000373,-0.000594
514312613636363,1,0.755610,7.670901,8.949807
514312623065326,2,-20.527468,-5.939288,-35.490558
514312623595825,4,0.001213,0.002214,-0.001384
514312632575757,1,0.571665,8.092799,9.210266
514312642571157,4,0.002373,-0.000607,0.002861
514312651515151,1,0.359682,8.510778,9.358905
514312661546489,4,-0.001082,0.001471,0.000085
514312670454545,1,0.150497,8.829278,9.422383
514312673316582,2,-20.288368,-5.657695,-35.908794
514312680521821,4,-0.002253,-0.002832,-0.001486
514312689393939,1,-0.094262,9.052801,9.341837
514312699497153,4,0.001985,-0.003886,0.000668
514312708333333,1,-0.311727,9.188040,9.175468
514312718472485,4,0.000494,-0.003365,-0.001594
514312723567839,2,-20.165295,-5.586376,-35.640758
514312727272727,1,-0.573626,9.194575,8.895668
514312737447817,4,-0.001598,0.000105,0.002933
514312746212121,1,-0.753414,9.117687,8.515575
514312756423149,4,0.002150,-0.000721,-0.001659
514312765151515,1,-0.928986,8.908123,8.100305
514312773819095,2,-20.222691,-5.727353,-35.816023
514312775398481,4,-0.003117,-0.000757,-0.001798
514312784090909,1,-1.079263,8.642877,7.618032
514312794373814,4,-0.000072,0.000003,-0.000951
514312803030303,1,-1.184755,8.282714,7.106563
514312813349146,4,-0.000909,-0.001388,-0.001025
514312821969696,1,-1.224643,7.851148,6.576564
514312824070351,2,-19.769120,-5.531269,-36.085369
514312832324478,4,0.002872,0.001036,0.001063
514312840909090,1,-1.255183,7.356008,6.117890
514312851299810,4,0.002024,0.001847,0.002850
514312859848484,1,-1.187937,6.883686,5.656033
514312870275142,4,0.001177,0.000410,-0.001182
514312874321608,2,-20.193420,-5.566461,-35.852701
514312878787878,1,-1.088126,6.333067,5.287260
514312889250474,4,-0.001648,0.001765,-0.000222
514312897727272,1,-0.966996,5.873378,4.982406
514312908225806,4,-0.002720,-0.004186,0.004295
514312916666666,1,-0.797134,5.413834,4.789230
514312924572864,2,-20.140320,-5.799784,-35.689891
514312927201138,4,-0.001972,-0.001372,0.002456
514312935606060,1,-0.593888,5.055818,4.670928
514312946176470,4,-0.002417,0.001063,0.003644
514312954545454,1,-0.377402,4.762943,4.695783
514312965151802,4,0.004228,-0.000895,-0.000024
514312973484848,1,-0.154483,4.540846,4.788695
514312974824120,2,-20.288247,-5.645112,-36.034844
514312984127134,4,-0.000793,-0.000036,0.002597
514312992424242,1,0.096222,4.467144,4.994883
514313003102466,4,-0.002799,0.001296,-0.000391
514313011363636,1,0.337746,4.480392,5.281113
514313022077798,4,0.002737,0.002631,-0.000814
514313025075376,2,-20.224995,-5.941774,-35.452270
514313030303030,1,0.533132,4.610412,5.657560
514313041053130,4,-0.000222,0.001786,0.001967
514313049242424,1,0.727645,4.846480,6.104232
514313060028462,4,-0.004945,0.001779,0.003293
514313068181818,1,0.881270,5.154409,6.571584
514313075326633,2,-20.508547,-6.188269,-35.482239
514313079003795,4,0.000511,0.001900,0.002558
514313087121212,1,0.974487,5.592329,7.101759
514313097979127,4,0.000443,0.001628,0.000025
514313106060606,1,1.041241,6.048547,7.550652
514313116954459,4,-0.000104,-0.001323,0.000346
514313125000000,1,1.069720,6.554085,8.018647
514313125577889,2,-20.557127,-6.208106,-35.125859
514313135929791,4,0.003774,-0.001805,0.001234
514313143939393,1,1.041620,7.074086,8.425064
514313154905123,4,0.000642,0.002950,0.003326
514313162878787,1,0.931932,7.606620,8.755889
514313173880455,4,-0.001849,-0.001148,-0.001039
514313175829145,2,-20.946184,-6.059850,-35.208199
514313181818181,1,0.827887,8.096914,9.007468
514313192855787,4,-0.000968,-0.000797,0.000694
514313200757575,1,0.668098,8.542415,9.173963
514313211831119,4,-0.001703,-0.001422,-0.001581
514313219696969,1,0.484655,8.899845,9.237234
514313226080402,2,-21.198794,-6.114149,-34.995092
514313230806451,4,0.000985,-0.000128,-0.000483
514313238636363,1,0.294135,9.170376,9.172992
514313249781783,4,-0.001684,-0.003208,0.003263
514313257575757,1,0.053528,9.375723,9.012813
514313268757115,4,-0.000577,0.005421,0.001546
514313276331658,2,-21.355943,-6.430461,-35.083708
514313276515151,1,-0.155502,9.441355,8.753232
514313287732447,4,0.003659,0.001987,0.000317
514313295454545,1,-0.339316,9.401646,8.424894
514313306707779,4,-0.001195,-0.001954,0.002239
514313314393939,1,-0.543411,9.245821,8.008607
514313325683111,4,0.000530,0.001233,0.001629
514313326582914,2,-21.398779,-6.385579,-34.952382
514313333333333,1,-0.682625,8.982975,7.532283
514313344658444,4,0.000712,-0.000944,0.002025
514313352272727,1,-0.797526,8.657752,7.034910
514313363633776,4,-0.000396,0.000181,0.001435
514313371212121,1,-0.872446,8.220184,6.504540
514313376834170,2,-21.587473,-6.741227,-34.885788
514313382609108,4,-0.000118,-0.003636,0.002081
514313390151515,1,-0.880623,7.777540,6.025879
514313401584440,4,0.002510,-0.003662,-0.002087
514313409090909,1,-0.865023,7.270782,5.557399
514313420559772,4,0.004048,0.000464,0.000007
514313427085427,2,-21.562813,-6.800034,-35.087691
514313428030303,1,-0.786760,6.775725,5.185861
514313439535104,4,-0.000853,-0.002061,-0.000389
514313446969696,1,-0.678911,6.293235,4.821708
514313458510436,4,0.001949,-0.000031,0.001221
514313465909090,1,-0.512330,5.813140,4.594080
514313477336683,2,-21.195897,-6.554033,-34.951684
514313477485768,4,0.003531,-0.001161,0.000606
514313484848484,1,-0.333467,5.397252,4.472335
514313496461100,4,0.002009,-0.001866,0.000356
514313503787878,1,-0.138012,5.076240,4.445405
514313515436432,4,0.003745,-0.000681,0.002137
514313522727272,1,0.104801,4.840459,4.528666
514313527587939,2,-21.397748,-6.530662,-35.141651
514313534411764,4,-0.000282,0.003599,-0.003291
514313541666666,1,0.296600,4.675000,4.700838
514313553387096,4,0.000130,-0.002958,-0.001402
514313560606060,1,0.494866,4.645390,4.997426
514313572362428,4,-0.001414,-0.000534,-0.002377
514313577839195,2,-21.133743,-6.573873,-35.004461
514313579545454,1,0.708768,4.706081,5.385046
514313591337760,4,-0.000143,0.000921,-0.003064
514313598484848,1,0.846101,4.866918,5.844027
514313610313092,4,-0.001270,0.005082,0.000658
514313617424242,1,0.975072,5.159148,6.334367
514313628090452,2,-20.905111,-6.157441,-35.168122
514313629288425,4,-0.003635,-0.002801,0.000452
514313636363636,1,1.031749,5.488639,6.855816
514313648263757,4,0.000201,-0.001175,0.004387
514313655303030,1,1.086375,5.916482,7.388575
514313667239089,4,0.005237,-0.000529,0.001746
514313674242424,1,1.039779,6.386378,7.877729
514313678341708,2,-20.573020,-6.129031,-35.359587
514313686214421,4,0.001846,0.002112,-0.001280
514313693181818,1,0.979057,6.855835,8.355989
514313705189753,4,0.003879,-0.000137,0.000844
514313712121212,1,0.871763,7.332670,8.759539
514313724165085,4,0.000004,-0.000279,0.000557
514313728592964,2,-20.407455,-5.854492,-35.431969
514313731060606,1,0.733725,7.816723,9.058285
514313743140417,4,-0.002372,-0.003942,-0.000427
514313750000000,1,0.530536,8.250966,9.279678
514313762115749,4,-0.001761,0.001095,0.000868
514313768939393,1,0.323185,8.601665,9.384262
514313778844221,2,-20.192981,-5.667083,-35.512046
514313781091081,4,0.000027,0.002963,-0.000012
514313787878787,1,0.073729,8.887560,9.392574
514313800066413,4,-0.002916,-0.000447,0.002342
514313806818181,1,-0.174126,9.115241,9.298334
514313819041745,4,-0.003769,-0.000188,0.001151
514313825757575,1,-0.424378,9.190210,9.069764
514313829095477,2,-20.158792,-5.666594,-35.694886
514313838017077,4,0.005304,0.002417,0.000265
514313844696969,1,-0.627827,9.173446,8.776761
514313856992409,4,0.001042,-0.003795,-0.002099
514313863636363,1,-0.831653,9.075060,8.384407
514313875967741,4,0.001302,0.000322,0.000577
514313879346733,2,-20.086725,-5.534362,-35.970439
514313882575757,1,-1.001775,8.864272,7.952519
514313894943074,4,0.000068,-0.000010,0.000206
514313901515151,1,-1.115051,8.532255,7.432791
514313913918406,4,-0.002112,-0.000458,-0.002488
514313920454545,1,-1.190385,8.154365,6.927279
514313929597989,2,-20.354394,-5.485532,-36.150114
514313932893738,4,-0.001239,0.002392,-0.000362
514313939393939,1,-1.248900,7.698834,6.419595
514313951869070,4,0.001192,0.000231,-0.000770
514313958333333,1,-1.236735,7.189737,5.946432
514313970844402,4,-0.002017,-0.000800,0.000366
514313977272727,1,-1.178064,6.704460,5.512174
514313979849246,2,-20.129656,-5.460341,-35.784918
514313989819734,4,0.001160,0.000245,0.001299
514313996212121,1,-1.058551,6.193942,5.188697
514314008795066,4,-0.003040,0.001733,-0.002257
514314015151515,1,-0.913564,5.712700,4.896300
514314027770398,4,0.001967,0.001005,-0.003740
514314030100502,2,-19.919542,-5.933369,-35.818213
514314034090909,1,-0.722410,5.300766,4.726349
514314046745730,4,0.001474,0.001990,0.002516
514314053030303,1,-0.513471,4.937920,4.663115
514314065721062,4,-0.001537,0.000359,0.001389
514314071969696,1,-0.303029,4.685620,4.689393
514314080351758,2,-20.258048,-5.564790,-35.558549
514314084696394,4,0.001473,0.000819,-0.000853
514314090909090,1,-0.061768,4.507370,4.847754
514314103671726,4,0.001976,0.001988,-0.000309
514314109848484,1,0.182936,4.446074,5.090730
514314122647058,4,-0.001567,-0.001456,0.002730
514314128787878,1,0.385778,4.540872,5.407445
514314130603015,2,-20.581131,-5.822740,-35.543009
514314141622390,4,0.001901,-0.000040,-0.000398
514314147727272,1,0.620431,4.681312,5.815236
514314160597722,4,-0.003536,-0.000169,-0.002382
514314166666666,1,0.768538,4.955342,6.264048
514314179573055,4,0.000318,0.002370,-0.001961
514314180854271,2,-20.628666,-5.696439,-35.594953
514314185606060,1,0.925730,5.300642,6.747547
514314198548387,4,0.000477,0.001996,0.000441
514314204545454,1,1.004018,5.730620,7.232486
514314217523719,4,-0.001048,0.000021,0.001914
514314223484848,1,1.053864,6.219608,7.719685
514314231105527,2,-20.827875,-6.263245,-35.367689
514314236499051,4,0.000525,-0.000007,0.002312
514314242424242,1,1.064292,6.735195,8.162216
514314255474383,4,0.001030,-0.002406,0.001263
514314261363636,1,1.014855,7.265481,8.544925
514314274449715,4,0.001899,-0.002475,-0.004537
514314280303030,1,0.931191,7.763351,8.850539
514314281356783,2,-21.435556,-6.282701,-35.057144
514314293425047,4,-0.002084,-0.000205,0.002020
514314299242424,1,0.785281,8.234780,9.093617
514314312400379,4,-0.001782,0.001110,-0.005785
514314318181818,1,0.614427,8.682283,9.213821
514314331375711,4,0.000361,-0.000813,0.004197
514314331608040,2,-21.371681,-6.619180,-34.949158
514314337121212,1,0.420745,8.983454,9.220158
514314350351043,4,-0.003784,-0.000029,-0.003796
514314356060606,1,0.206651,9.244012,9.108270
514314369326375,4,-0.001099,-0.003402,0.004602
514314375000000,1,-0.007760,9.385461,8.962751
514314381859296,2,-21.119400,-6.687315,-34.749152
514314388301707,4,-0.000711,-0.000422,-0.000085
514314393939393,1,-0.222594,9.450625,8.651800
514314407277039,4,-0.002265,0.002110,0.001280
514314412878787,1,-0.413778,9.358536,8.294621
514314426252371,4,0.001836,-0.002436,0.002271
514314431818181,1,-0.619193,9.185581,7.855779
514314432110552,2,-21.342138,-6.401606,-35.052889
514314445227703,4,0.002040,-0.000465,0.001790
514314450757575,1,-0.734935,8.889387,7.362860
514314464203036,4,0.000545,-0.003188,-0.000366
514314469696969,1,-0.827633,8.543783,6.853859
514314482361809,2,-21.231087,-6.634995,-34.945038
514314483178368,4,-0.000963,0.000171,0.002042
514314488636363,1,-0.904138,8.126442,6.360144
514314502153700,4,-0.003283,-0.000887,-0.001644
514314507575757,1,-0.893249,7.630717,5.876183
514314521129032,4,-0.001558,-0.001646,0.000136
514314526515151,1,-0.839393,7.104922,5.429208
514314532613065,2,-21.373713,-6.647250,-35.132686
514314540104364,4,0.001046,0.000697,0.000371
514314545454545,1,-0.743017,6.581574,5.043848
514314559079696,4,0.001243,0.004761,0.000272
514314564393939,1,-0.621757,6.117343,4.743004
514314578055028,4,0.002042,0.001928,0.003556
514314582864321,2,-21.362710,-6.588171,-35.067778
514314583333333,1,-0.445251,5.665876,4.539059
514314597030360,4,0.001121,-0.001689,0.000610
514314602272727,1,-0.262929,5.282799,4.424180
514314616005692,4,0.000502,0.001630,-0.001747
514314621212121,1,-0.053959,4.983461,4.448213
514314633115577,2,-21.082167,-6.096105,-35.175941
514314634981024,4,0.002533,0.000010,0.001679
514314640151515,1,0.159156,4.731090,4.588928
514314653956356,4,0.000619,0.000245,0.000468
514314659090909,1,0.385235,4.643499,4.793164
514314672931688,4,0.001344,0.003917,-0.004035
514314678030303,1,0.591402,4.642316,5.129005
514314683366834,2,-21.082129,-6.399166,-34.810366
514314691907020,4,0.001080,0.000088,-0.000354
514314696969696,1,0.743828,4.763717,5.526764
514314710882352,4,-0.004727,0.001160,-0.000250
514314715909090,1,0.889518,4.966965,5.986057
514314729857685,4,-0.001669,0.000085,-0.000586
514314733618090,2,-20.850948,-6.064564,-35.112144
514314734848484,1,0.975073,5.245892,6.487204
514314748833017,4,-0.003485,0.000176,0.001160
514314753787878,1,1.035976,5.633598,7.024617
514314767808349,4,-0.001098,0.000523,0.000216
514314772727272,1,1.070284,6.067678,7.557992
514314783869346,2,-20.702034,-6.086845,-35.206299
514314786783681,4,0.002091,-0.000207,0.001602
514314791666666,1,1.032923,6.522035,8.049803
514314805759013,4,-0.000627,0.003935,-0.000874
514314810606060,1,0.945258,7.050676,8.486278
514314824734345,4,-0.001370,-0.000201,-0.001456
514314829545454,1,0.817820,7.509399,8.859522
514314834120603,2,-20.401743,-6.043870,-35.684672
514314843709677,4,-0.002497,0.001455,-0.006125
514314848484848,1,0.645187,7.964468,9.146510
514314862685009,4,-0.001435,-0.002684,0.000284
514314867424242,1,0.453795,8.375457,9.339861
514314881660341,4,-0.004378,0.001096,0.001312
514314884371859,2,-20.390360,-5.615208,-35.482918
514314886363636,1,0.233108,8.713211,9.395660
514314900635673,4,-0.003265,0.000381,0.001032
514314905303030,1,-0.005099,8.976337,9.360922
514314919611005,4,0.001881,-0.002938,-0.003219
514314924242424,1,-0.228053,9.135372,9.212329
514314934623115,2,-19.854878,-5.791302,-35.786998
514314938586337,4,0.003005,-0.001644,-0.001055
514314943181818,1,-0.489256,9.209297,8.986584
514314957561669,4,0.001266,-0.002338,-0.000532
514314962121212,1,-0.671601,9.149568,8.653289
514314976537001,4,0.001783,-0.002842,-0.001000
514314981060606,1,-0.869230,8.997551,8.249148
514314984874371,2,-20.128824,-5.639812,-35.741084
514314995512333,4,-0.002253,-0.001548,0.002371
514315000000000,1,-1.059458,8.774183,7.787569
514315014487666,4,0.002810,0.000516,0.001064
514315018939393,1,-1.160012,8.422753,7.292640
514315033462998,4,0.001010,-0.001345,0.000476
514315035125628,2,-20.021706,-5.379388,-35.993704
514315037878787,1,-1.236549,7.992675,6.783695
514315052438330,4,-0.002591,-0.001917,-0.000174
514315056818181,1,-1.241485,7.538240,6.271912
514315071413662,4,-0.002122,-0.002545,-0.001424
514315075757575,1,-1.203887,7.039632,5.811487
514315085376884,2,-19.909242,-5.646895,-36.188128
514315090388994,4,0.002293,0.003114,-0.000065
514315094696969,1,-1.164336,6.531871,5.414713
514315109364326,4,0.001164,-0.001127,-0.004131
514315113636363,1,-1.033925,6.014560,5.082813
514315128339658,4,-0.001787,-0.000617,0.000282
514315132575757,1,-0.857097,5.546019,4.827016
514315135628140,2,-20.238410,-5.604720,-35.581462
514315147314990,4,-0.000202,-0.000563,-0.001149
514315151515151,1,-0.663202,5.176975,4.690345
514315166290322,4,0.000688,-0.002728,0.001604
514315170454545,1,-0.451557,4.834270,4.679830
514315185265654,4,-0.001173,0.004134,-0.000631
514315185879396,2,-20.272309,-5.727633,-35.717321
514315189393939,1,-0.214987,4.604925,4.723782
514315204240986,4,-0.000960,-0.001125,-0.000940
514315208333333,1,0.006061,4.506065,4.912522
514315223216318,4,0.001214,-0.000085,0.001974
514315227272727,1,0.250293,4.462826,5.178614
514315236130653,2,-20.454678,-5.884018,-35.670755
514315242191650,4,0.000929,0.000063,0.000746
514315246212121,1,0.473104,4.557892,5.539651
514315261166982,4,0.002393,0.001313,0.000561
514315265151515,1,0.654613,4.767539,5.951253
514315280142314,4,0.000845,-0.002305,0.005143
514315284090909,1,0.824931,5.046300,6.409274
514315286381909,2,-20.621106,-6.210212,-35.647789
514315299117647,4,0.001056,0.001256,-0.000057
514315303030303,1,0.959839,5.448695,6.901281
514315318092979,4,-0.004595,-0.000531,0.000152
514315321969696,1,1.013782,5.876926,7.394053
514315336633165,2,-20.667783,-5.989171,-35.206520
514315337068311,4,-0.001646,-0.001663,-0.000679
514315340909090,1,1.052642,6.381101,7.861062
514315356043643,4,0.001543,0.002512,0.000342
514315359848484,1,1.049932,6.895054,8.299995
514315375018975,4,-0.001135,-0.000725,0.000199
514315378787878,1,1.005103,7.455394,8.648774
514315386884422,2,-20.773020,-6.365044,-35.374822
514315393994307,4,0.000436,0.000870,-0.000879
514315397727272,1,0.884002,7.948343,8.938533
514315412969639,4,0.001059,0.000900,-0.000790
514315416666666,1,0.730133,8.408513,9.140174
514315431944971,4,-0.003439,-0.001770,0.003135
514315435606060,1,0.538843,8.802366,9.238251
514315437135678,2,-21.248900,-6.385664,-35.223661
514315450920303,4,-0.003387,0.002635,-0.003457
514315454545454,1,0.357108,9.121871,9.169609
514315469895635,4,-0.001546,-0.000749,0.003565
514315473484848,1,0.138897,9.319914,9.089302
514315487386934,2,-21.319285,-6.604305,-34.901890
514315488870967,4,0.000052,-0.000428,-0.001871
514315492424242,1,-0.098702,9.418011,8.863294
514315507846299,4,0.001044,-0.001025,-0.000458
514315511363636,1,-0.306360,9.423990,8.536672
514315526821631,4,-0.000717,0.001440,0.001524
514315530303030,1,-0.485698,9.315268,8.130656
514315537638190,2,-21.540608,-6.702063,-34.862564
514315545796963,4,-0.001781,-0.001255,-0.001452
514315549242424,1,-0.654318,9.089993,7.677040
514315564772296,4,0.000367,0.001813,0.000393
514315568181818,1,-0.755734,8.771635,7.208809
514315583747628,4,-0.004381,0.001520,-0.002698
514315587121212,1,-0.864300,8.400038,6.670645
514315587889447,2,-21.343558,-6.626634,-34.769812
514315602722960,4,-0.001430,0.000397,-0.000168
514315606060606,1,-0.873804,7.954426,6.179617
514315621698292,4,0.001745,-0.001222,-0.001933
514315625000000,1,-0.889331,7.455066,5.692870
514315638140703,2,-21.330254,-6.306381,-34.791836
514315640673624,4,-0.000623,0.001954,0.001259
514315643939393,1,-0.820081,6.930625,5.283450
514315659648956,4,0.000174,0.002652,0.002290
514315662878787,1,-0.724570,6.426568,4.952232
514315678624288,4,0.001577,-0.002356,0.001566
514315681818181,1,-0.564212,5.942075,4.652987
514315688391959,2,-21.136079,-6.538436,-34.735356
514315697599620,4,-0.000405,-0.000790,-0.001365
514315700757575,1,-0.387484,5.544384,4.477689
514315716574952,4,-0.000343,-0.001252,0.000340
514315719696969,1,-0.189709,5.177170,4.409107
514315735550284,4,-0.000346,0.000441,0.001107
514315738636363,1,0.010796,4.897779,4.481706
514315738643216,2,-21.070095,-6.487488,-35.130211
514315754525616,4,-0.000589,-0.001475,-0.004013
514315757575757,1,0.217049,4.711894,4.631289
514315773500948,4,0.001541,0.000158,-0.000352
514315776515151,1,0.436595,4.640302,4.897055
514315788894472,2,-21.207784,-6.291166,-35.312047
514315792476280,4,0.002344,-0.002577,0.000112
514315795454545,1,0.639415,4.700049,5.259843
514315811451612,4,-0.001928,0.001312,-0.004452
514315814393939,1,0.817263,4.810039,5.663377
514315830426944,4,0.001608,0.001525,-0.001846
514315833333333,1,0.941757,5.050815,6.166439
514315839145728,2,-21.014628,-6.039766,-35.173650
514315849402277,4,0.000133,-0.001803,0.000855
514315852272727,1,1.010656,5.381041,6.672356
514315868377609,4,0.001640,-0.002010,-0.002593
514315871212121,1,1.058714,5.763113,7.208351
514315887352941,4,0.002193,0.003882,0.000989
514315889396984,2,-21.097328,-6.274939,-35.094151
514315890151515,1,1.068062,6.211081,7.721972
514315906328273,4,0.001137,-0.000664,0.000360
514315909090909,1,1.008789,6.705272,8.209136
514315925303605,4,0.000701,-0.000365,0.002700
514315928030303,1,0.925856,7.182482,8.636697
514315939648241,2,-20.363541,-6.019695,-35.784035
514315944278937,4,0.000353,0.000611,-0.000324
514315946969696,1,0.762641,7.654536,8.956695
514315963254269,4,-0.000121,0.002437,0.000292
514315965909090,1,0.587719,8.121676,9.205613
514315982229601,4,0.000339,0.000364,-0.000729
514315984848484,1,0.365305,8.496891,9.357535
514315989899497,2,-20.538740,-5.725915,-35.394197
514316001204933,4,-0.002816,0.003145,0.002137
514316003787878,1,0.124616,8.793671,9.403745
514316020180265,4,0.002498,-0.002145,0.002890
514316022727272,1,-0.086996,9.056941,9.321379
514316039155597,4,0.003934,0.002090,0.003296
514316040150753,2,-19.905760,-5.931479,-35.842265
514316041666666,1,-0.343137,9.172302,9.159868
514316058130929,4,0.001596,-0.001693,0.001015
514316060606060,1,-0.541545,9.211159,8.878872
514316077106261,4,-0.002041,-0.001195,0.000633
514316079545454,1,-0.756061,9.109065,8.522156
514316090402010,2,-20.206869,-5.598231,-36.073911
514316096081593,4,0.000364,0.000926,-0.003584
514316098484848,1,-0.939199,8.948730,8.096721
514316115056925,4,-0.000308,0.001098,0.001497
514316117424242,1,-1.089601,8.639616,7.608006
514316134032258,4,0.001628,0.000503,-0.000758
514316136363636,1,-1.198896,8.279606,7.105394
514316140653266,2,-20.099793,-5.708898,-35.835676
514316153007590,4,0.001003,-0.000599,0.001802
514316155303030,1,-1.227979,7.856583,6.600660
514316171982922,4,0.000855,-0.000123,-0.001538
514316174242424,1,-1.258038,7.354365,6.105150
514316190904522,2,-20.094084,-5.633783,-35.838282
514316190958254,4,0.002239,0.001118,0.004206
514316193181818,1,-1.186791,6.871064,5.665213
514316209933586,4,0.001052,0.001220,-0.002931
514316212121212,1,-1.075520,6.375061,5.301925
514316228908918,4,0.000621,-0.000633,0.001653
514316231060606,1,-0.961531,5.875981,4.990749
514316241155778,2,-19.828834,-5.299350,-35.807907
514316247884250,4,0.000669,0.001971,0.004265
514316250000000,1,-0.820209,5.416041,4.776182
514316266859582,4,-0.001597,0.001893,0.001367
514316268939393,1,-0.595351,5.049978,4.677544
514316285834914,4,0.003959,0.001411,0.001203
514316287878787,1,-0.398706,4.762714,4.677449
514316291407035,2,-20.201169,-5.494426,-35.626088
514316304810246,4,0.001703,0.001843,0.002909
514316306818181,1,-0.140009,4.569303,4.772954
514316323785578,4,-0.001639,-0.000785,0.003471
514316325757575,1,0.097366,4.469067,4.984932
514316341658291,2,-20.212830,-6.034962,-35.513739
514316342760910,4,-0.003917,-0.000169,0.000299
514316344696969,1,0.306242,4.469989,5.294835
514316361736242,4,-0.000354,0.003162,0.000952
514316363636363,1,0.539622,4.612118,5.664708
514316380711574,4,-0.000775,-0.001269,0.000564
514316382575757,1,0.712340,4.847395,6.106527
514316391909547,2,-20.479713,-6.061437,-35.666426
514316399686907,4,0.002332,0.000277,-0.000269
514316401515151,1,0.886414,5.164808,6.558772
514316418662239,4,-0.001391,0.000748,0.000637
514316420454545,1,0.956946,5.576953,7.075620
514316437637571,4,-0.001448,0.002053,0.003412
514316439393939,1,1.049023,6.044588,7.539877
514316442160804,2,-20.649854,-6.446648,-35.441945
514316456612903,4,0.000098,0.000604,-0.002210
514316458333333,1,1.044393,6.565793,8.012522
514316475588235,4,0.001474,0.000928,-0.000652
514316477272727,1,1.029278,7.070271,8.410210
514316492412060,2,-21.037899,-6.327898,-35.347248
514316494563567,4,-0.001487,0.003695,0.000766
514316496212121,1,0.954002,7.613114,8.757802
514316513538899,4,-0.001835,0.001711,0.000459
514316515151515,1,0.847188,8.093753,9.028849
514316532514231,4,0.000118,0.001957,-0.005226
514316534090909,1,0.673890,8.540855,9.181958
514316542663316,2,-21.346749,-6.191128,-35.463210
514316551489563,4,-0.003614,0.002758,-0.000258
514316553030303,1,0.475783,8.902778,9.209588
514316570464895,4,-0.000854,-0.002676,0.000388
514316571969696,1,0.287053,9.189863,9.184194
514316589440227,4,0.000635,0.002882,0.000745
514316590909090,1,0.061604,9.377853,9.003997
514316592914572,2,-21.253116,-6.589728,-34.732895
514316608415559,4,-0.000606,0.000811,0.002219
514316609848484,1,-0.144294,9.430642,8.756833
514316627390891,4,0.001782,0.001243,0.000549
514316628787878,1,-0.350706,9.423463,8.423556
514316643165829,2,-21.385746,-6.863958,-34.865545
514316646366223,4,-0.001163,-0.002066,-0.002382
514316647727272,1,-0.529792,9.240750,8.000752
514316665341555,4,0.000788,0.000997,0.002189
514316666666666,1,-0.692310,9.014851,7.529000
514316684316888,4,0.001123,0.002102,-0.000261
514316685606060,1,-0.787270,8.643695,7.047148
514316693417085,2,-21.612556,-6.442682,-34.809952
514316703292220,4,0.001542,-0.002003,-0.000120
514316704545454,1,-0.881726,8.257392,6.509898
514316722267552,4,-0.003663,0.000063,0.002450
514316723484848,1,-0.884903,7.768922,6.036041
514316741242884,4,0.000140,0.001444,0.000546
514316742424242,1,-0.854836,7.273478,5.569941
514316743668341,2,-21.231897,-6.565481,-34.776618
514316760218216,4,-0.001141,-0.000373,0.002359
514316761363636,1,-0.779338,6.759473,5.147193
514316779193548,4,0.001433,-0.001235,-0.002775
514316780303030,1,-0.686033,6.258631,4.819120
514316793919597,2,-21.394793,-6.642992,-34.778619
514316798168880,4,0.000414,-0.001164,-0.000355
514316799242424,1,-0.507096,5.817700,4.575238
514316817144212,4,-0.002909,0.002082,-0.000194
514316818181818,1,-0.339522,5.390829,4.471826
514316836119544,4,0.000109,-0.001666,-0.000555
514316837121212,1,-0.133296,5.053897,4.438376
514316844170854,2,-21.482207,-6.482299,-35.101458
514316855094876,4,0.000245,-0.001227,-0.000432
514316856060606,1,0.095468,4.817353,4.518618
514316874070208,4,0.002773,-0.003500,0.000369
514316875000000,1,0.293424,4.699358,4.709325
514316893045540,4,-0.001571,0.002673,-0.000361
514316893939393,1,0.501015,4.644791,5.003664
514316894422110,2,-21.023309,-6.509206,-35.187147
514316912020872,4,-0.002094,-0.000431,0.000699
514316912878787,1,0.702639,4.727621,5.398598
514316930996204,4,0.005551,-0.004220,-0.002398
514316931818181,1,0.844694,4.887426,5.848816
514316944673366,2,-20.961619,-6.011809,-35.337936
514316949971537,4,0.002610,-0.003018,0.000019
514316950757575,1,0.985051,5.138911,6.334334
514316968946869,4,-0.000967,-0.001281,-0.000344
514316969696969,1,1.045941,5.508636,6.865315
514316987922201,4,-0.000665,0.002114,0.002657
514316988636363,1,1.055368,5.903562,7.387724
514316994924623,2,-20.827418,-6.293446,-35.549260
